ONEWEB-0012             
1 44057U 19010A   26271.30505471  .00000021  00000+0  22232-4 0  9991
2 44057  87.9157 208.3122 0002479  76.2977 283.8430 13.16594763365138
ONEWEB-0010             
1 44058U 19010B   26271.55838187  .00000003  00000+0 -26886-4 0  9992
2 44058  87.9163 208.2633 0001713  69.7504 290.3811 13.16594250365211
ONEWEB-0008             
1 44059U 19010C   26272.11569396  .00000059  00000+0  12183-3 0  9993
2 44059  87.9169 208.1478 0002046  86.8747 273.2618 13.16594565365408
ONEWEB-0007             
1 44060U 19010D   26272.15729476 -.00000099  00000+0 -29628-3 0  9994
2 44060  87.8999 238.4882 0002059  73.3932 286.7424 13.15548629365049
ONEWEB-0006             
1 44061U 19010E   26271.93307983 -.00000151  00000+0 -43518-3 0  9998
2 44061  87.9009 238.5076 0001858  81.9761 278.1580 13.15547507365064
ONEWEB-0011             
1 44062U 19010F   26271.90140347 -.00002889  00000+0 -77133-2 0  9994
2 44062  87.9010 238.5256 0001800  89.1052 271.0284 13.15526305365052
ONEWEB-0013             
1 45131U 20008A   26272.08857881  .00000665  00000+0  18936-2 0  9993
2 45131  87.8582  31.8568 0002697  93.8945 266.2490 13.09465126319668
ONEWEB-0017             
1 45132U 20008B   26272.07502625 -.00000256  00000+0 -76985-3 0  9993
2 45132  87.8914  15.5930 0001630 105.8479 254.2828 13.10370345321555
ONEWEB-0020             
1 45133U 20008C   26272.04450874  .00000569  00000+0  15945-2 0  9992
2 45133  87.8911  15.6002 0001790 101.8275 258.3053 13.10373806321944
ONEWEB-0021             
1 45134U 20008D   26272.05976384  .00000477  00000+0  13312-2 0  9997
2 45134  87.8907  15.6064 0001791  99.5093 260.6237 13.10371369322257
ONEWEB-0023             
1 45136U 20008F   26271.30720878 -.00000136  00000+0 -42608-3 0  9996
2 45136  87.8916  15.7447 0001896 104.6272 255.5065 13.10369573321589
ONEWEB-0024             
1 45137U 20008G   26272.04294272  .00000534  00000+0  14946-2 0  9996
2 45137  87.8927  15.5982 0001719 100.0168 260.1154 13.10375464321848
ONEWEB-0025             
1 45138U 20008H   26271.58451343  .00000661  00000+0  18559-2 0  9994
2 45138  87.8925  15.6780 0001702 117.1122 243.0179 13.10375404322117
ONEWEB-0026             
1 45139U 20008J   26272.07491383  .00000406  00000+0  11093-2 0  9991
2 45139  87.8969   0.4207 0001683 102.3008 257.8308 13.11418363324728
ONEWEB-0028             
1 45140U 20008K   26271.97290159 -.00000527  00000+0 -15218-2 0  9998
2 45140  87.8962   0.4437 0002352  97.2455 262.8940 13.11416431322225
ONEWEB-0032             
1 45141U 20008L   26272.07685029 -.00000335  00000+0 -99647-3 0  9991
2 45141  87.8915  15.5949 0002272 102.6933 257.4449 13.10369286321904
ONEWEB-0033             
1 45142U 20008M   26271.36407010  .00000670  00000+0  18816-2 0  9993
2 45142  87.8907  15.7388 0001275 101.8710 258.2561 13.10372333321722
ONEWEB-0035             
1 45143U 20008N   26271.53726615 -.00000176  00000+0 -54167-3 0  9991
2 45143  87.8912  15.7001 0001734  99.7998 260.3326 13.10369116321474
ONEWEB-0036             
1 45144U 20008P   26272.04945382  .00000649  00000+0  18222-2 0  9997
2 45144  87.8931  15.6276 0001961 103.2507 256.8839 13.10372372321969
ONEWEB-0038             
1 45145U 20008Q   26271.55101079  .00000587  00000+0  16217-2 0  9993
2 45145  87.8981   0.5471 0002224  53.9019 306.2315 13.11417177323872
ONEWEB-0039             
1 45146U 20008R   26272.05467346  .00000644  00000+0  18086-2 0  9992
2 45146  87.8918  15.5970 0002269  96.3412 263.7973 13.10372767321767
ONEWEB-0040             
1 45147U 20008S   26271.28431886  .00000679  00000+0  19098-2 0  9999
2 45147  87.8905  15.7550 0001981 108.5131 251.6211 13.10371957321361
ONEWEB-0043             
1 45149U 20008U   26272.04973110  .00000629  00000+0  17663-2 0  9998
2 45149  87.8921  15.6005 0002284  97.8983 262.2404 13.10372402321781
ONEWEB-0044             
1 45150U 20008V   26271.54391299 -.00000466  00000+0 -13714-2 0  9990
2 45150  87.8908  15.7000 0001891 103.1487 256.9851 13.10372008322012
ONEWEB-0045             
1 45151U 20008W   26271.54578988  .00000551  00000+0  15182-2 0  9997
2 45151  87.8973   0.5236 0001914  99.2536 260.8808 13.11417643323950
ONEWEB-0047             
1 45152U 20008X   26272.07148885 -.00000103  00000+0 -33096-3 0  9996
2 45152  87.8921  15.5987 0001605  98.1624 261.9686 13.10368692321802
ONEWEB-0048             
1 45153U 20008Y   26272.06655098  .00000187  00000+0  50064-3 0  9999
2 45153  87.8907  15.6101 0001794  97.8568 262.2763 13.10369741321411
ONEWEB-0049             
1 45154U 20008Z   26272.06979931  .00000018  00000+0  15782-4 0  9997
2 45154  87.8910  15.5985 0002027 112.0837 248.0505 13.10368807321636
ONEWEB-0051             
1 45155U 20008AA  26272.00186916  .00000477  00000+0  13096-2 0  9998
2 45155  87.8972   0.4363 0001819 101.9591 258.1741 13.11418681324690
ONEWEB-0052             
1 45156U 20008AB  26271.55591468 -.00000593  00000+0 -17344-2 0  9991
2 45156  87.8922  15.6942 0002076 108.1338 252.0016 13.10372796321477
ONEWEB-0053             
1 45157U 20008AC  26272.04619738  .00000658  00000+0  18478-2 0  9997
2 45157  87.8908  15.6104 0002257 102.1005 258.0375 13.10374140321512
ONEWEB-0054             
1 45158U 20008AD  26272.08180731 -.00000523  00000+0 -15342-2 0  9998
2 45158  87.8905  15.5928 0001772 104.0211 256.1113 13.10370385321633
ONEWEB-0056             
1 45159U 20008AE  26272.05284493  .00000691  00000+0  19430-2 0  9992
2 45159  87.8923  15.5963 0001672 110.1753 249.9554 13.10371408321783
ONEWEB-0057             
1 45160U 20008AF  26272.07007449 -.00000001  00000+0 -40461-4 0  9997
2 45160  87.8918  15.6023 0002281 105.5062 254.6318 13.10370553321955
ONEWEB-0058             
1 45161U 20008AG  26272.05652640  .00000618  00000+0  17350-2 0  9996
2 45161  87.8904  15.6016 0001599  95.0263 265.1047 13.10371321322029
ONEWEB-0059             
1 45162U 20008AH  26271.51861769  .00000635  00000+0  17818-2 0  9999
2 45162  87.8914  15.7115 0002207 101.8053 258.3322 13.10371141321852
ONEWEB-0062             
1 45163U 20008AJ  26272.07658292 -.00000365  00000+0 -10827-2 0  9992
2 45163  87.8917  15.5948 0001454  99.5876 260.5416 13.10370227321793
ONEWEB-0065             
1 45164U 20008AK  26272.11052919  .00000204  00000+0  54813-3 0  9996
2 45164  87.8925  15.5958 0001992 108.8284 251.3060 13.10375891321490
ONEWEB-0066             
1 45424U 20020A   26271.52883048  .00000088  00000+0  21257-3 0  9994
2 45424  87.8968   0.5301 0001838  96.9010 263.2327 13.11418754316225
ONEWEB-0067             
1 45425U 20020B   26271.48967870  .00000042  00000+0  81769-4 0  9991
2 45425  87.8986   0.4813 0002022 100.6495 259.4860 13.11425571316278
ONEWEB-0080             
1 45426U 20020C   26271.48997584  .00000116  00000+0  29144-3 0  9997
2 45426  87.8979   0.5468 0001528  98.9794 261.1507 13.11414032316244
ONEWEB-0090             
1 45427U 20020D   26272.20544852 -.00000389  00000+0 -11343-2 0  9990
2 45427  87.8978   0.4081 0001734 101.4815 258.6508 13.11419319316309
ONEWEB-0061             
1 45428U 20020E   26271.55074001  .00000577  00000+0  15929-2 0  9993
2 45428  87.8973   0.5186 0001803 100.6765 259.4566 13.11416611316174
ONEWEB-0081             
1 45429U 20020F   26272.06629617  .00000051  00000+0  10870-3 0  9998
2 45429  87.8972   0.4249 0002050 101.4410 258.6948 13.11419007316351
ONEWEB-0069             
1 45430U 20020G   26272.06813326  .00000132  00000+0  33669-3 0  9993
2 45430  87.8977   0.4293 0001953  96.0231 264.1120 13.11418998316282
ONEWEB-0031             
1 45431U 20020H   26271.26432109 -.00000169  00000+0 -51377-3 0  9999
2 45431  87.8963   0.5840 0001622 101.0464 259.0847 13.11416356316167
ONEWEB-0027             
1 45432U 20020J   26272.14169671  .00000058  00000+0  11567-3 0  9991
2 45432  87.9195 345.2271 0001611 109.1110 251.0196 13.17648784320047
ONEWEB-0064             
1 45433U 20020K   26271.26262858  .00000011  00000+0 -53206-5 0  9993
2 45433  87.8970   0.5816 0001649 101.4027 258.7287 13.11415986316193
ONEWEB-0018             
1 45434U 20020L   26272.05766877 -.00000328  00000+0 -96259-3 0  9997
2 45434  87.8973   0.4248 0001961  89.1869 270.9483 13.11419843316244
ONEWEB-0083             
1 45435U 20020M   26271.97148668 -.00000532  00000+0 -15356-2 0  9995
2 45435  87.8978   0.4410 0001753  99.9265 260.2061 13.11416726316273
ONEWEB-0095             
1 45436U 20020N   26271.50520895 -.00000429  00000+0 -12458-2 0  9996
2 45436  87.8966   0.5353 0001919 122.7894 237.3419 13.11417642316219
ONEWEB-0092             
1 45437U 20020P   26271.99352095  .00000228  00000+0  60695-3 0  9997
2 45437  87.8976   0.4355 0001810  93.6328 266.5007 13.11418997316390
ONEWEB-0085             
1 45438U 20020Q   26272.04749757 -.00000484  00000+0 -14014-2 0  9999
2 45438  87.8969   0.4254 0001802 101.0202 259.1128 13.11417152316289
ONEWEB-0096             
1 45439U 20020R   26271.51539770 -.00000445  00000+0 -12912-2 0  9995
2 45439  87.8975   0.5318 0001792 104.8710 255.2616 13.11417621316204
ONEWEB-0037             
1 45440U 20020S   26271.54057028  .00000484  00000+0  13288-2 0  9999
2 45440  87.8986   0.5061 0001790 106.2194 253.9131 13.11418178316242
ONEWEB-0042             
1 45441U 20020T   26271.58124100 -.00000454  00000+0 -13163-2 0  9991
2 45441  87.8973   0.5150 0001945 101.6080 258.5267 13.11417471316216
ONEWEB-0098             
1 45442U 20020U   26271.27194326 -.00000355  00000+0 -10379-2 0  9991
2 45442  87.8960   0.5819 0001753  99.5050 260.6276 13.11414443316157
ONEWEB-0055             
1 45443U 20020V   26271.55582969  .00000428  00000+0  11714-2 0  9990
2 45443  87.8977   0.5296 0001849 103.3521 256.7813 13.11415832316165
ONEWEB-0093             
1 45444U 20020W   26271.54903948  .00000618  00000+0  17076-2 0  9992
2 45444  87.8975   0.5297 0002057  96.2390 263.8973 13.11417215316221
ONEWEB-0029             
1 45445U 20020X   26271.48659166  .00000277  00000+0  74506-3 0  9999
2 45445  87.8966   0.5374 0001997  96.0852 264.0503 13.11415127316199
ONEWEB-0068             
1 45446U 20020Y   26271.53548226  .00000337  00000+0  91620-3 0  9993
2 45446  87.8973   0.5294 0001984  97.3477 262.7876 13.11418408316140
ONEWEB-0046             
1 45447U 20020Z   26271.52713461  .00000001  00000+0 -33895-4 0  9998
2 45447  87.8970   0.5308 0002096 103.2428 256.8934 13.11418587316150
ONEWEB-0063             
1 45448U 20020AA  26271.47979670  .00000506  00000+0  13918-2 0  9990
2 45448  87.8978   0.5476 0001975 110.1167 250.0173 13.11416218316236
ONEWEB-0019             
1 45449U 20020AB  26271.59481007 -.00000366  00000+0 -10679-2 0  9993
2 45449  87.8975   0.5058 0001614  98.2922 261.8389 13.11418080316097
ONEWEB-0094             
1 45450U 20020AC  26271.47614481  .00000063  00000+0  12831-3 0  9991
2 45450  87.9201 345.3499 0001875  92.6893 267.4453 13.17649276319912
ONEWEB-0087             
1 45451U 20020AD  26271.26086389  .00000093  00000+0  22714-3 0  9993
2 45451  87.8971   0.5686 0001984  93.9686 266.1669 13.11420705316098
ONEWEB-0082             
1 45452U 20020AE  26271.48630581  .00000248  00000+0  66284-3 0  9999
2 45452  87.8974   0.5365 0002252  96.1178 264.0207 13.11415638316214
ONEWEB-0050             
1 45453U 20020AF  26271.59896155  .00001620  00000+0  16317-3 0  9990
2 45453  88.9353 219.1720 0002933  10.9910 349.1383 14.90660467355780
ONEWEB-0034             
1 45454U 20020AG  26271.60017993 -.00000199  00000+0 -59817-3 0  9992
2 45454  87.8977   0.5239 0001867 101.3416 258.7922 13.11418786316147
ONEWEB-0060             
1 45455U 20020AH  26271.32621833  .00000473  00000+0  12975-2 0  9992
2 45455  87.8971   0.5691 0002362  78.7255 281.4138 13.11414797316064
ONEWEB-0086             
1 45456U 20020AJ  26271.53378287  .00000241  00000+0  64557-3 0  9995
2 45456  87.8980   0.5309 0001713  76.6296 283.5023 13.11418870316154
ONEWEB-0088             
1 45457U 20020AK  26271.51186873 -.00000506  00000+0 -14641-2 0  9996
2 45457  87.8983   0.5146 0002166 107.6603 252.4762 13.11416746316084
ONEWEB-0102             
1 47258U 20100A   26272.12145919 -.00000320  00000+0 -92427-3 0  9993
2 47258  87.8960 330.0372 0001750  92.8206 267.3123 13.12443962278369
ONEWEB-0109             
1 47259U 20100B   26272.12990560 -.00000101  00000+0 -31558-3 0  9999
2 47259  87.8969 330.0281 0001724 100.8606 259.2716 13.12445913278190
ONEWEB-0110             
1 47260U 20100C   26272.15705012  .00000488  00000+0  13221-2 0  9992
2 47260  87.8969 330.0068 0001821  89.0184 271.1153 13.12443301278368
ONEWEB-0111             
1 47261U 20100D   26272.11130374 -.00000336  00000+0 -97012-3 0  9997
2 47261  87.8962 330.0329 0001934  95.6573 264.4776 13.12442483278199
ONEWEB-0114             
1 47262U 20100E   26272.14179358  .00000329  00000+0  87910-3 0  9992
2 47262  87.8963 330.0269 0001616 102.4737 257.6572 13.12443735278155
ONEWEB-0117             
1 47263U 20100F   26272.13333073 -.00000046  00000+0 -16282-3 0  9990
2 47263  87.8965 330.0175 0001929  97.1758 262.9590 13.12445235278161
ONEWEB-0118             
1 47264U 20100G   26272.09098103  .00000216  00000+0  56395-3 0  9994
2 47264  87.8967 330.0283 0001964 107.6451 252.4892 13.12441017278354
ONEWEB-0119             
1 47265U 20100H   26272.11638056 -.00000369  00000+0 -10617-2 0  9992
2 47265  87.8959 330.0307 0001866  98.6754 261.4586 13.12443484278337
ONEWEB-0120             
1 47266U 20100J   26272.14023385  .00000269  00000+0  71325-3 0  9990
2 47266  87.8959 330.0281 0001737 101.4270 258.7054 13.12445190278360
ONEWEB-0121             
1 47267U 20100K   26272.12823801 -.00000207  00000+0 -60948-3 0  9993
2 47267  87.8970 330.0263 0002125  92.6486 267.4886 13.12444966278276
ONEWEB-0122             
1 47268U 20100L   26272.12231110 -.00000337  00000+0 -97151-3 0  9990
2 47268  87.8962 330.0311 0001698  96.3587 263.7735 13.12443404278187
ONEWEB-0123             
1 47269U 20100M   26272.11806244 -.00000304  00000+0 -88060-3 0  9999
2 47269  87.8965 330.0307 0001919 101.1521 258.9823 13.12443559278326
ONEWEB-0124             
1 47270U 20100N   26272.10791049 -.00000286  00000+0 -83053-3 0  9992
2 47270  87.8957 330.0329 0001860  90.7297 269.4044 13.12442141278206
ONEWEB-0125             
1 47271U 20100P   26272.08589911  .00000350  00000+0  93732-3 0  9998
2 47271  87.8969 330.0332 0002179  99.1267 261.0108 13.12442292278260
ONEWEB-0126             
1 47272U 20100Q   26272.10635272 -.00000254  00000+0 -74127-3 0  9996
2 47272  87.8961 330.0374 0001780 100.6206 259.5123 13.12442191278332
ONEWEB-0127             
1 47273U 20100R   26272.14857558  .00000486  00000+0  13143-2 0  9999
2 47273  87.8967 330.0240 0001732  99.9695 260.1629 13.12444632278364
ONEWEB-0128             
1 47274U 20100S   26272.09434985  .00000170  00000+0  43763-3 0  9991
2 47274  87.8957 330.0475 0001843  88.5451 271.5889 13.12443444278376
ONEWEB-0129             
1 47275U 20100T   26272.15026995  .00000465  00000+0  12577-2 0  9992
2 47275  87.8968 330.0208 0001139 131.6726 228.4500 13.12443679278311
ONEWEB-0130             
1 47276U 20100U   26272.10113282 -.00000102  00000+0 -31946-3 0  9996
2 47276  87.8969 330.0269 0001830  97.1784 262.9552 13.12441938278279
ONEWEB-0131             
1 47277U 20100V   26272.09774935  .00000030  00000+0  48418-4 0  9994
2 47277  87.8958 330.0346 0001835  93.6848 266.4490 13.12441986278319
ONEWEB-0132             
1 47278U 20100W   26272.12655369 -.00000233  00000+0 -68417-3 0  9995
2 47278  87.8961 330.0337 0001945  97.2034 262.9316 13.12443891278217
ONEWEB-0133             
1 47279U 20100X   26272.14336112  .00000305  00000+0  81349-3 0  9997
2 47279  87.8972 330.0182 0001859  93.4736 266.6605 13.12444962278378
ONEWEB-0134             
1 47280U 20100Y   26272.11299006 -.00000348  00000+0 -10032-2 0  9995
2 47280  87.8973 330.0211 0001623  94.2915 265.8399 13.12443606278343
ONEWEB-0135             
1 47281U 20100Z   26272.08420559  .00000404  00000+0  10882-2 0  9995
2 47281  87.8960 330.0365 0001685  92.4736 267.6586 13.12442099278364
ONEWEB-0136             
1 47282U 20100AA  26272.10281569 -.00000161  00000+0 -48234-3 0  9990
2 47282  87.8968 330.0222 0001557  94.9448 265.1858 13.12440566278294
ONEWEB-0137             
1 47283U 20100AB  26272.13671538  .00000129  00000+0  32423-3 0  9998
2 47283  87.8962 330.0294 0001972 101.2856 258.8494 13.12444364278200
ONEWEB-0138             
1 47284U 20100AC  26272.11467966 -.00000380  00000+0 -10904-2 0  9995
2 47284  87.8963 330.0352 0001630  97.5487 262.5827 13.12443487278280
ONEWEB-0139             
1 47285U 20100AD  26272.15550149  .00000520  00000+0  14093-2 0  9993
2 47285  87.8967 330.0138 0001823  99.1815 260.9520 13.12443202278360
ONEWEB-0140             
1 47286U 20100AE  26272.10959997 -.00000305  00000+0 -88454-3 0  9999
2 47286  87.8969 330.0157 0001900  92.9925 267.1421 13.12442788278326
ONEWEB-0141             
1 47287U 20100AF  26272.15521997  .00000515  00000+0  13973-2 0  9994
2 47287  87.8969 330.0109 0002016 105.4882 254.6469 13.12443312278311
ONEWEB-0142             
1 47288U 20100AG  26272.14361823  .00000337  00000+0  90169-3 0  9999
2 47288  87.8961 330.0287 0001620 110.5745 249.5557 13.12443431278308
ONEWEB-0143             
1 47289U 20100AH  26272.15365508  .00000514  00000+0  13940-2 0  9993
2 47289  87.8963 330.0265 0001867 102.5991 257.5346 13.12444636278284
ONEWEB-0144             
1 47290U 20100AJ  26272.12484869 -.00000255  00000+0 -74365-3 0  9997
2 47290  87.8973 330.0152 0001528 102.5952 257.5348 13.12444223278209
ONEWEB-0145             
1 47291U 20100AK  26272.09604957  .00000114  00000+0  28267-3 0  9998
2 47291  87.8961 330.0369 0001677  99.3066 260.8252 13.12441680278396
ONEWEB-0146             
1 47292U 20100AL  26272.09267672  .00000172  00000+0  44163-3 0  9995
2 47292  87.8964 330.0366 0002121  91.7466 268.3905 13.12441514278307
ONEWEB-0147             
1 47293U 20100AM  26272.13502663  .00000094  00000+0  22619-3 0  9998
2 47293  87.8969 330.0120 0001785  94.1192 266.0140 13.12444091278207
ONEWEB-0115             
1 48042U 21025A   26272.08197140  .00000211  00000+0  54296-3 0  9999
2 48042  87.8905 299.5487 0001873  90.9196 269.2148 13.13468149267236
ONEWEB-0152             
1 48043U 21025B   26272.09550492 -.00000086  00000+0 -27141-3 0  9995
2 48043  87.8904 299.5472 0002014  93.7635 266.3724 13.13469446267191
ONEWEB-0153             
1 48044U 21025C   26272.14967637  .00000350  00000+0  92399-3 0  9994
2 48044  87.8905 299.5349 0001811  97.0470 263.0865 13.13469842267194
ONEWEB-0154             
1 48045U 21025D   26272.14628492  .00000331  00000+0  87159-3 0  9995
2 48045  87.8902 299.5367 0001837  92.3874 267.7465 13.13470615267159
ONEWEB-0116             
1 48046U 21025E   26272.10903881 -.00000287  00000+0 -82162-3 0  9991
2 48046  87.8907 299.5422 0001947  90.2941 269.8412 13.13470257267293
ONEWEB-0150             
1 48047U 21025F   26272.08534823  .00000163  00000+0  41236-3 0  9993
2 48047  87.8909 299.5451 0001965  98.4917 261.6435 13.13470236267181
ONEWEB-0107             
1 48048U 21025G   26272.08703834  .00000059  00000+0  12581-3 0  9999
2 48048  87.8907 299.5402 0001702  97.5913 262.5409 13.13470212267164
ONEWEB-0101             
1 48049U 21025H   26272.12597153  .00000001  00000+0 -31666-4 0  9994
2 48049  87.8902 299.5376 0001709  92.3864 267.7460 13.13471537267148
ONEWEB-0113             
1 48050U 21025J   26271.58393209 -.00000188  00000+0 -54577-3 0  9993
2 48050  87.8895 299.5440 0001835  92.7697 267.3643 13.13892539267183
ONEWEB-0112             
1 48051U 21025K   26271.55887385 -.00000192  00000+0 -56040-3 0  9996
2 48051  87.8909 299.6439 0001601  92.7594 267.3719 13.13469207267160
ONEWEB-0156             
1 48052U 21025L   26271.56733342 -.00000329  00000+0 -93459-3 0  9998
2 48052  87.8911 299.6517 0001825  97.0968 263.0369 13.13469600267141
ONEWEB-0161             
1 48053U 21025M   26271.54195326  .00000228  00000+0  59009-3 0  9990
2 48053  87.8903 299.6570 0001712  98.7337 261.3986 13.13469590267071
ONEWEB-0158             
1 48054U 21025N   26271.57748135 -.00000256  00000+0 -73686-3 0  9996
2 48054  87.8907 299.6481 0001942  84.6664 275.4687 13.13471641267208
ONEWEB-0157             
1 48055U 21025P   26271.60288083 -.00000152  00000+0 -45006-3 0  9992
2 48055  87.8897 299.6439 0001515 103.2819 256.8480 13.13473498267145
ONEWEB-0162             
1 48056U 21025Q   26271.57905176 -.00000292  00000+0 -83561-3 0  9991
2 48056  87.8906 299.6480 0001973  97.6689 262.4665 13.13469955267110
ONEWEB-0155             
1 48057U 21025R   26271.58592508  .00000272  00000+0  70995-3 0  9997
2 48057  87.8917 299.6471 0001149 173.0321 187.0824 13.13477618267259
ONEWEB-0149             
1 48058U 21025S   26271.53179266  .00000340  00000+0  89676-3 0  9997
2 48058  87.8899 299.6602 0001988  98.4494 261.6861 13.13469372267053
ONEWEB-0148             
1 48059U 21025T   26271.57071479 -.00000342  00000+0 -97258-3 0  9998
2 48059  87.8898 299.6533 0002159 107.7473 252.3892 13.13470487267182
ONEWEB-0160             
1 48060U 21025U   26271.58763510  .00001186  00000+0  32128-2 0  9994
2 48060  87.8860 299.6486 0001633  82.0799 278.0516 13.13479112267139
ONEWEB-0163             
1 48061U 21025V   26271.57240975 -.00000334  00000+0 -94831-3 0  9995
2 48061  87.8904 299.6515 0001650  99.4576 260.6740 13.13469687267251
ONEWEB-0159             
1 48062U 21025W   26271.56395143 -.00000352  00000+0 -99852-3 0  9991
2 48062  87.8909 299.6488 0001615  97.2581 262.8731 13.13470337267178
ONEWEB-0164             
1 48063U 21025X   26271.54533119  .00000148  00000+0  36951-3 0  9999
2 48063  87.8902 299.6573 0001869  90.9043 269.2301 13.13469554267152
ONEWEB-0167             
1 48064U 21025Y   26271.57324808 -.00000351  00000+0 -99693-3 0  9996
2 48064  87.8899 299.6537 0001227  86.3734 273.7536 13.13470861267144
ONEWEB-0166             
1 48065U 21025Z   26271.59611210  .00000112  00000+0  27286-3 0  9997
2 48065  87.8906 299.6293 0001870  95.7523 264.3820 13.13470478267222
ONEWEB-0151             
1 48066U 21025AA  26271.59779976  .00000186  00000+0  47460-3 0  9999
2 48066  87.8904 299.6424 0001758  91.7752 268.3579 13.13471381267164
ONEWEB-0170             
1 48067U 21025AB  26271.60627298  .00000244  00000+0  63338-3 0  9998
2 48067  87.8903 299.6437 0001928  78.5715 281.5630 13.13469045267124
ONEWEB-0168             
1 48068U 21025AC  26271.59100942  .00003581  00000+0  97631-2 0  9998
2 48068  87.8902 299.6471 0001438 105.5451 254.5837 13.13497112267132
ONEWEB-0173             
1 48069U 21025AD  26271.58256067 -.00000204  00000+0 -59477-3 0  9996
2 48069  87.8905 299.6475 0001491  97.4503 262.6796 13.13471183267376
ONEWEB-0171             
1 48070U 21025AE  26271.54363764  .00000210  00000+0  53892-3 0  9997
2 48070  87.8898 299.6586 0001794  90.9068 269.2267 13.13468303267187
ONEWEB-0172             
1 48071U 21025AF  26271.59949373  .00000218  00000+0  56247-3 0  9994
2 48071  87.8901 299.6455 0001675  92.8079 267.3242 13.13471343268089
ONEWEB-0174             
1 48072U 21025AG  26271.58087898 -.00000270  00000+0 -77356-3 0  9993
2 48072  87.8910 299.6485 0001888  98.3437 261.7906 13.13469522267404
ONEWEB-0175             
1 48073U 21025AH  26271.53517701  .00000315  00000+0  82734-3 0  9994
2 48073  87.8903 299.6441 0001661  84.9691 275.1628 13.13469440267051
ONEWEB-0177             
1 48074U 21025AJ  26271.54700697  .00000114  00000+0  27668-3 0  9996
2 48074  87.8900 299.6556 0001758 101.7968 258.3358 13.13467952267248
ONEWEB-0178             
1 48075U 21025AK  26271.56577594 -.00000316  00000+0 -89954-3 0  9999
2 48075  87.8896 299.6568 0001613  91.1525 268.9789 13.13469789267297
ONEWEB-0108             
1 48076U 21025AL  26271.60123480 -.00003516  00000+0 -96713-2 0  9991
2 48076  87.8902 299.6399 0002510  74.2437 285.8969 13.13439929267223
ONEWEB-0169             
1 48077U 21025AM  26271.55717769 -.00000122  00000+0 -37018-3 0  9999
2 48077  87.8904 299.6539 0001860  97.3273 262.8067 13.13468395265875
ONEWEB-0176             
1 48210U 21031A   26271.54581865 -.00000044  00000+0 -15246-3 0  9992
2 48210  87.8899 269.0795 0001806  85.8762 274.2575 13.14502741261891
ONEWEB-0184             
1 48211U 21031B   26272.05327690  .00000130  00000+0  31625-3 0  9997
2 48211  87.8895 268.9842 0001495  64.4562 295.6722 13.14501751261930
ONEWEB-0179             
1 48212U 21031C   26271.99808358 -.00003415  00000+0 -32075-3 0  9996
2 48212  87.8940 261.2774 0347877 269.1969  86.9377 14.57970308264008
ONEWEB-0180             
1 48213U 21031D   26272.05666125  .00000182  00000+0  45671-3 0  9991
2 48213  87.8898 268.9834 0001494  93.3628 266.7672 13.14504879261868
ONEWEB-0218             
1 48214U 21031E   26272.00084649  .00000098  00000+0  22996-3 0  9993
2 48214  87.8902 268.9924 0001150  80.9005 279.2255 13.14502217262013
ONEWEB-0209             
1 48215U 21031F   26272.06681650  .00000172  00000+0  42879-3 0  9990
2 48215  87.8896 268.9893 0001725  95.0395 265.0932 13.14502167262028
ONEWEB-0198             
1 48216U 21031G   26271.97562611  .00000241  00000+0  61451-3 0  9999
2 48216  87.8883 268.9969 0001459  91.6206 268.5090 13.14503287262124
ONEWEB-0189             
1 48217U 21031H   26272.06342757  .00000181  00000+0  45295-3 0  9999
2 48217  87.8905 268.9791 0001586  90.6429 269.4882 13.14502687261873
ONEWEB-0196             
1 48218U 21031J   26271.96702992  .00000010  00000+0 -83028-5 0  9999
2 48218  87.8895 269.0049 0001732  92.2219 267.9109 13.14503718261868
ONEWEB-0183             
1 48219U 21031K   26272.01606772 -.00000185  00000+0 -53323-3 0  9993
2 48219  87.8895 268.9906 0002038  93.3137 266.8226 13.14502463261965
ONEWEB-0185             
1 48220U 21031L   26271.96616883  .00000024  00000+0  31086-4 0  9995
2 48220  87.8896 268.9999 0001975 103.2940 256.8410 13.14502046261884
ONEWEB-0187             
1 48221U 21031M   26272.02268323 -.00000246  00000+0 -69762-3 0  9995
2 48221  87.8897 268.9984 0001819  91.3226 268.8113 13.14505157261903
ONEWEB-0192             
1 48222U 21031N   26271.99239497  .00000202  00000+0  51161-3 0  9995
2 48222  87.8895 268.9939 0001795  88.5029 271.6306 13.14502279261812
ONEWEB-0219             
1 48223U 21031P   26271.97209394  .00000110  00000+0  26212-3 0  9994
2 48223  87.8898 268.9987 0001810  97.9910 262.1425 13.14503172262013
ONEWEB-0202             
1 48224U 21031Q   26272.02959453 -.00000189  00000+0 -54431-3 0  9992
2 48224  87.8895 268.9944 0001279  77.5741 282.5531 13.14504499262005
ONEWEB-0204             
1 48225U 21031R   26272.06258071  .00000211  00000+0  53506-3 0  9991
2 48225  87.8898 268.9824 0002207  93.4593 266.6789 13.14501390261903
ONEWEB-0205             
1 48226U 21031S   26271.96362549 -.00000025  00000+0 -10173-3 0  9994
2 48226  87.8895 269.0003 0001705  94.1030 266.0294 13.14505050261900
ONEWEB-0206             
1 48227U 21031T   26272.01099399 -.00000099  00000+0 -30276-3 0  9999
2 48227  87.8905 268.9892 0002025  86.0585 274.0776 13.14502877261861
ONEWEB-0182             
1 48228U 21031U   26272.00590766  .00000015  00000+0  62709-5 0  9997
2 48228  87.8897 268.9940 0002061  89.7936 270.3430 13.14501592262079
ONEWEB-0186             
1 48229U 21031V   26272.01776295 -.00000120  00000+0 -35725-3 0  9997
2 48229  87.8900 268.9906 0001819  88.6300 271.5038 13.14502503262025
ONEWEB-0181             
1 48230U 21031W   26271.99574561  .00000150  00000+0  37096-3 0  9991
2 48230  87.8897 269.0087 0001700  99.0978 261.0344 13.14505723261873
ONEWEB-0188             
1 48231U 21031X   26272.18691979 -.00000072  00000+0 -22858-3 0  9992
2 48231  87.8896 268.9708 0001904  90.4952 269.6396 13.14503290261805
ONEWEB-0220             
1 48232U 21031Y   26271.99660613 -.00000631  00000+0 -17353-2 0  9996
2 48232  87.8899 268.9943 0001831  94.2105 265.9234 13.14504869262041
ONEWEB-0165             
1 48233U 21031Z   26272.02622810 -.00000267  00000+0 -75558-3 0  9996
2 48233  87.8897 268.9972 0001504  88.6453 271.4849 13.14502248262001
ONEWEB-0199             
1 48234U 21031AA  26272.00929131 -.00000024  00000+0 -98581-4 0  9994
2 48234  87.8909 268.9906 0002039  83.8699 276.2663 13.14503686261908
ONEWEB-0203             
1 48235U 21031AB  26271.99915060  .00000161  00000+0  39871-3 0  9994
2 48235  87.8899 268.9936 0001855  82.7406 277.3934 13.14502733261915
ONEWEB-0197             
1 48236U 21031AC  26272.05144535  .00000137  00000+0  33482-3 0  9999
2 48236  87.8890 268.9635 0002054  90.6225 269.5140 13.14505270261834
ONEWEB-0194             
1 48237U 21031AD  26272.03127933 -.00000194  00000+0 -55727-3 0  9992
2 48237  87.8897 268.9927 0001962  83.1242 277.0111 13.14505517262005
ONEWEB-0193             
1 48238U 21031AE  26271.97040964  .00000137  00000+0  33409-3 0  9991
2 48238  87.8905 268.9990 0002109  79.1825 280.9542 13.14503443261941
ONEWEB-0191             
1 48239U 21031AF  26271.98223244  .00000267  00000+0  68564-3 0  9991
2 48239  87.8897 268.9971 0001988  92.2709 267.8648 13.14501506261806
ONEWEB-0195             
1 48240U 21031AG  26272.16670139 -.00040704  00000+0 -10824+0 0  9997
2 48240  87.8900 268.9583 0001471  90.2438 185.5439 13.15797245  5084
ONEWEB-0201             
1 48241U 21031AH  26272.02296674 -.00000223  00000+0 -63630-3 0  9990
2 48241  87.8898 268.9998 0002018  99.1427 260.9931 13.14503371262023
ONEWEB-0207             
1 48242U 21031AJ  26272.07780044  .00000048  00000+0  95537-4 0  9990
2 48242  87.8898 268.9776 0002242  97.0474 263.0911 13.14500880261940
ONEWEB-0208             
1 48243U 21031AK  26272.06005847  .00000226  00000+0  57427-3 0  9994
2 48243  87.8893 268.9836 0001571  90.8358 269.2952 13.14502416261950
ONEWEB-0200             
1 48244U 21031AL  26272.02452498 -.00000209  00000+0 -59728-3 0  9998
2 48244  87.8903 268.9871 0001797  97.3030 262.8304 13.14504331261870
ONEWEB-0217             
1 48245U 21031AM  26272.04144302 -.00000027  00000+0 -10798-3 0  9995
2 48245  87.8899 268.9863 0001558  86.0806 274.0502 13.14504065261821
ONEWEB-0211             
1 48767U 21045A   26272.18608627 -.00000001  00000+0 -35253-4 0  9995
2 48767  87.9002 238.3240 0001359  68.9176 291.2099 13.16198219258128
ONEWEB-0223             
1 48768U 21045B   26272.16363529 -.00000098  00000+0 -29376-3 0  9997
2 48768  87.9008 238.4644 0001739  70.8036 289.3283 13.15548368258073
ONEWEB-0230             
1 48769U 21045C   26271.90694287  .00000178  00000+0  43936-3 0  9992
2 48769  87.9006 238.5243 0002140  82.3670 277.7703 13.15548964258303
ONEWEB-0237             
1 48770U 21045D   26272.20007184  .00000109  00000+0  25542-3 0  9999
2 48770  87.9003 238.4644 0001685  86.2273 273.9049 13.15550323258067
ONEWEB-0235             
1 48771U 21045E   26272.17471881 -.00000124  00000+0 -36440-3 0  9993
2 48771  87.9008 238.4640 0001853  69.0771 291.0557 13.15549666258050
ONEWEB-0242             
1 48772U 21045F   26271.94021285 -.00000081  00000+0 -24887-3 0  9991
2 48772  87.9009 238.5090 0002066  76.0967 284.0393 13.15548831258068
ONEWEB-0241             
1 48773U 21045G   26271.92752987 -.00000089  00000+0 -27038-3 0  9999
2 48773  87.9006 238.5203 0001751  72.7474 287.3848 13.15549218257978
ONEWEB-0243             
1 48774U 21045H   26272.18741308  .00000000  00000+0 -33658-4 0  9992
2 48774  87.8997 238.4799 0002213  68.0452 292.0913 13.15548401258031
ONEWEB-0222             
1 48775U 21045J   26271.94259270 -.00000162  00000+0 -46547-3 0  9998
2 48775  87.9006 238.5042 0001809  75.8169 284.3162 13.15549271258044
ONEWEB-0244             
1 48776U 21045K   26272.19690589  .00000107  00000+0  25075-3 0  9999
2 48776  87.9011 238.4545 0001937  77.0625 283.0721 13.15547188258649
ONEWEB-0247             
1 48777U 21045L   26272.19374943  .00000065  00000+0  13876-3 0  9992
2 48777  87.8998 238.4727 0002141  58.5435 301.5905 13.15548192258080
ONEWEB-0245             
1 48778U 21045M   26272.18897044  .00001039  00000+0  27255-2 0  9991
2 48778  87.9006 238.4628 0001568  79.9797 280.1510 13.15541191258055
ONEWEB-0229             
1 48779U 21045N   26272.18423431  .00000004  00000+0 -22756-4 0  9992
2 48779  87.9005 238.4606 0002041  78.1365 281.9994 13.15548196258080
ONEWEB-0228             
1 48780U 21045P   26271.91343213  .00000059  00000+0  12333-3 0  9991
2 48780  87.9014 238.5126 0001946  79.7151 280.4199 13.15547675257961
ONEWEB-0232             
1 48781U 21045Q   26272.19216687  .00000032  00000+0  51598-4 0  9995
2 48781  87.9010 238.4563 0001896  81.6659 278.4687 13.15546966258323
ONEWEB-0231             
1 48782U 21045R   26272.16998267 -.00000116  00000+0 -34155-3 0  9998
2 48782  87.9005 238.4678 0001827  74.9233 285.2099 13.15548157258015
ONEWEB-0234             
1 48783U 21045S   26271.97970323  .00000173  00000+0  42469-3 0  9998
2 48783  87.9016 238.4942 0001584 105.0214 255.1092 13.15547055258124
ONEWEB-0238             
1 48784U 21045T   26271.90389894  .00000124  00000+0  29577-3 0  9990
2 48784  87.9014 238.5050 0001852 100.4288 259.7051 13.15546794258014
ONEWEB-0240             
1 48785U 21045U   26272.15332240 -.00000016  00000+0 -77264-4 0  9991
2 48785  87.9012 238.4633 0001710  75.8904 284.2417 13.15546984258078
ONEWEB-0246             
1 48786U 21045V   26271.99567590 -.00000071  00000+0 -22381-3 0  9991
2 48786  87.9010 238.4973 0002021  78.9296 281.2061 13.15548405257923
ONEWEB-0210             
1 48787U 21045W   26271.97032778  .00000126  00000+0  29975-3 0  9990
2 48787  87.9008 238.4999 0002405  61.8977 298.2396 13.15547955257964
ONEWEB-0214             
1 48788U 21045X   26271.97903147  .00000133  00000+0  32053-3 0  9997
2 48788  87.9010 238.4955 0002278  78.1779 281.9607 13.15546992257930
ONEWEB-0221             
1 48789U 21045Y   26272.13828479  .00000186  00000+0  45945-3 0  9993
2 48789  87.9012 238.4710 0001857  78.0294 282.1045 13.15548904258042
ONEWEB-0213             
1 48790U 21045Z   26271.44267187  .00000206  00000+0  51189-3 0  9991
2 48790  87.9007 238.6126 0001975  72.5812 287.5534 13.15549034258011
ONEWEB-0212             
1 48791U 21045AA  26271.41968113 -.00000270  00000+0 -75205-3 0  9994
2 48791  87.9006 238.6110 0002081  79.5290 280.6075 13.15547921258006
ONEWEB-0227             
1 48792U 21045AB  26271.41891682  .00000059  00000+0  12293-3 0  9992
2 48792  87.9003 238.6101 0001915  78.8658 281.2687 13.15548848257957
ONEWEB-0226             
1 48793U 21045AC  26271.41254869 -.00000028  00000+0 -10825-3 0  9990
2 48793  87.9007 238.6172 0002084  73.3935 286.7425 13.15547229257925
ONEWEB-0224             
1 48794U 21045AD  26271.45217675  .00000156  00000+0  37956-3 0  9993
2 48794  87.8999 238.6358 0001069  85.7918 274.3335 13.15549499257857
ONEWEB-0233             
1 48795U 21045AE  26271.45679771  .00000106  00000+0  24686-3 0  9994
2 48795  87.8998 238.6409 0001803  72.8058 287.3270 13.15548810257872
ONEWEB-0190             
1 48796U 21045AF  26271.44425472  .00000178  00000+0  43990-3 0  9999
2 48796  87.9005 238.6133 0001940  60.6672 299.4652 13.15549424257944
ONEWEB-0236             
1 48797U 21045AG  26271.46168438  .00000008  00000+0 -13659-4 0  9991
2 48797  87.9006 238.6125 0001919  83.7725 276.3624 13.15549036257838
ONEWEB-0248             
1 48798U 21045AH  26271.39829989 -.00000058  00000+0 -18746-3 0  9996
2 48798  87.9006 238.6177 0001645  69.2512 290.8795 13.15549971257989
ONEWEB-0225             
1 48799U 21045AJ  26271.42048940  .00000045  00000+0  84744-4 0  9997
2 48799  87.9004 238.6187 0001883  64.6574 295.4751 13.15547431257993
ONEWEB-0215             
1 48800U 21045AK  26271.46642885 -.00000068  00000+0 -21397-3 0  9993
2 48800  87.9011 238.5960 0001756  60.0573 300.0731 13.15550435257876
ONEWEB-0216             
1 48801U 21045AL  26271.39989498 -.00000118  00000+0 -34680-3 0  9995
2 48801  87.9006 238.6206 0002054  81.0260 279.1103 13.15547733257879
ONEWEB-0239             
1 48802U 21045AM  26271.48068653 -.00000003  00000+0 -43275-4 0  9991
2 48802  87.9007 238.6088 0001436  59.1135 301.0136 13.15545767257921
ONEWEB-0249             
1 48967U 21060A   26272.16873075 -.00000039  00000+0 -13536-3 0  9993
2 48967  87.9167 208.1389 0001852  72.7183 287.4150 13.16592959253297
ONEWEB-0250             
1 48968U 21060B   26272.07550553  .00000066  00000+0  12042-3 0  9996
2 48968  87.9174 205.5787 0001201 101.2731 258.8540 13.25838972253983
ONEWEB-0252             
1 48970U 21060D   26272.12360053  .00000077  00000+0  16719-3 0  9996
2 48970  87.9168 208.1407 0002138  83.1159 277.0215 13.16597526253337
ONEWEB-0253             
1 48971U 21060E   26271.58055676  .00000108  00000+0  24817-3 0  9991
2 48971  87.9168 208.2533 0001805  75.0522 285.0808 13.16593677253197
ONEWEB-0254             
1 48972U 21060F   26271.36205417  .00000056  00000+0  11262-3 0  9990
2 48972  87.9167 208.2953 0001701  68.2427 291.8885 13.16595096253160
ONEWEB-0255             
1 48973U 21060G   26271.55205075 -.00000075  00000+0 -22924-3 0  9992
2 48973  87.9168 208.2627 0001838  71.1186 289.0144 13.16594185253262
ONEWEB-0256             
1 48974U 21060H   26271.35018631  .00000170  00000+0  41206-3 0  9999
2 48974  87.9167 208.3036 0002076  75.1381 284.9980 13.16594267253200
ONEWEB-0257             
1 48975U 21060J   26271.53464198  .00000013  00000+0  10737-5 0  9996
2 48975  87.9167 208.2579 0001980  69.7345 290.3998 13.16594358253182
ONEWEB-0258             
1 48976U 21060K   26271.30822671  .00000040  00000+0  70235-4 0  9994
2 48976  87.9157 208.3114 0001921  74.5265 285.6078 13.16595309253169
ONEWEB-0259             
1 48977U 21060L   26271.52988503  .00000084  00000+0  18551-3 0  9996
2 48977  87.9172 208.2701 0001763  73.3173 286.8151 13.16594497253226
ONEWEB-0260             
1 48978U 21060M   26271.59716303  .00000094  00000+0  21231-3 0  9991
2 48978  87.9168 208.2536 0002312  73.8153 286.3232 13.16593343253215
ONEWEB-0261             
1 48979U 21060N   26271.33907730  .00000070  00000+0  14961-3 0  9996
2 48979  87.9156 208.3050 0001965  65.8553 294.2784 13.16594162253235
ONEWEB-0262             
1 48980U 21060P   26271.54729332 -.00000077  00000+0 -23441-3 0  9993
2 48980  87.9167 208.2540 0001668  72.7268 287.4046 13.16594278253224
ONEWEB-0263             
1 48981U 21060Q   26271.57896486  .00000098  00000+0  22158-3 0  9997
2 48981  87.9156 208.2576 0001829  65.8306 294.3016 13.16593914253193
ONEWEB-0264             
1 48982U 21060R   26271.31218880  .00000001  00000+0 -30251-4 0  9995
2 48982  87.9163 208.3103 0002077  71.3920 288.7436 13.16593907253161
ONEWEB-0266             
1 48984U 21060T   26271.56154917  .00000005  00000+0 -19724-4 0  9990
2 48984  87.9166 208.2574 0001901  77.0620 283.0723 13.16592937253183
ONEWEB-0267             
1 48985U 21060U   26271.57263066  .00000074  00000+0  15921-3 0  9997
2 48985  87.9167 208.2518 0001980  69.2903 290.8440 13.16594151253190
ONEWEB-0268             
1 48986U 21060V   26271.54096687  .00000024  00000+0  30210-4 0  9992
2 48986  87.9164 208.2660 0002082  76.0802 284.0561 13.16594431253453
ONEWEB-0269             
1 48987U 21060W   26271.36996614  .00000064  00000+0  13256-3 0  9996
2 48987  87.9168 208.2977 0002080  82.1108 278.0259 13.16595871253203
ONEWEB-0270             
1 48988U 21060X   26271.38739136  .00000044  00000+0  81368-4 0  9991
2 48988  87.9158 208.2949 0001703  66.8762 293.2548 13.16594730253245
ONEWEB-0271             
1 48989U 21060Y   26271.37472911  .00000099  00000+0  22634-3 0  9996
2 48989  87.9168 208.2902 0001883  68.0539 292.0792 13.16594915253244
ONEWEB-0272             
1 48990U 21060Z   26271.32088781 -.00000454  00000+0 -12204-2 0  9999
2 48990  87.9168 208.3098 0002207  76.5344 283.6033 13.16592410253187
ONEWEB-0273             
1 48991U 21060AA  26271.57105779  .00000029  00000+0  41001-4 0  9999
2 48991  87.9154 208.2590 0001858  71.0423 289.0909 13.16592969253190
ONEWEB-0274             
1 48992U 21060AB  26271.36838321  .00000158  00000+0  38012-3 0  9993
2 48992  87.9162 208.2979 0002216  72.4642 287.6731 13.16595862253202
ONEWEB-0275             
1 48993U 21060AC  26271.35729485  .00000165  00000+0  39757-3 0  9998
2 48993  87.9171 208.2984 0002802  74.5579 285.5861 13.16596504253139
ONEWEB-0276             
1 48994U 21060AD  26271.31456380 -.00000015  00000+0 -72674-4 0  9998
2 48994  87.9169 208.3053 0002121  73.6708 286.4656 13.16594067253148
ONEWEB-0277             
1 48995U 21060AE  26271.32720646  .00000082  00000+0  18022-3 0  9997
2 48995  87.9165 208.3067 0001894  70.5321 289.6015 13.16596171253134
ONEWEB-0278             
1 48996U 21060AF  26271.54571302 -.00000009  00000+0 -56103-4 0  9999
2 48996  87.9168 208.2586 0001861  80.5092 279.6249 13.16594005253292
ONEWEB-0279             
1 48997U 21060AG  26271.32564742 -.00000177  00000+0 -49663-3 0  9994
2 48997  87.9165 208.3010 0001992  68.2117 291.9226 13.16594326253196
ONEWEB-0280             
1 48998U 21060AH  26271.56867679  .00000072  00000+0  15365-3 0  9990
2 48998  87.9167 208.2565 0001602  74.8456 285.2852 13.16594362253168
ONEWEB-0281             
1 48999U 21060AJ  26271.57421739  .00000062  00000+0  12905-3 0  9991
2 48999  87.9168 208.2525 0002089  76.2184 283.9180 13.16593305253233
ONEWEB-0282             
1 49000U 21060AK  26271.37629613  .00000058  00000+0  11730-3 0  9994
2 49000  87.9169 208.2971 0001842  72.5313 287.6019 13.16596136253183
ONEWEB-0283             
1 49001U 21060AL  26271.51721635  .00000139  00000+0  33023-3 0  9997
2 49001  87.9168 208.2685 0001982  69.8804 290.2540 13.16594448253211
ONEWEB-0284             
1 49002U 21060AM  26271.58687228  .00000090  00000+0  20200-3 0  9993
2 49002  87.9169 208.2497 0001638  77.3885 282.7429 13.16594738253208
ONEWEB-0285             
1 49075U 21075A   26272.12400101 -.00000314  00000+0 -90872-3 0  9996
2 49075  87.8964 330.0297 0002055 102.6357 257.5001 13.12443157248846
ONEWEB-0286             
1 49076U 21075B   26272.10608481 -.00000252  00000+0 -73679-3 0  9993
2 49076  87.8958 330.0411 0002074 101.2122 258.9240 13.12441309248199
ONEWEB-0287             
1 49077U 21075C   26272.12328007  .00000063  00000+0  13000-3 0  9999
2 49077  87.9191 345.2291 0002187 108.2692 251.8677 13.17649933247315
ONEWEB-0288             
1 49078U 21075D   26271.93003125  .00000329  00000+0  87941-3 0  9999
2 49078  87.8968 330.0620 0001922 105.3031 254.8310 13.12440837248793
ONEWEB-0289             
1 49079U 21075E   26272.01019921 -.00000212  00000+0 -57919-3 0  9996
2 49079  87.9183 345.2673 0001505 104.2469 255.8830 13.17648062247871
ONEWEB-0290             
1 49080U 21075F   26272.13507470  .00000063  00000+0  12910-3 0  9996
2 49080  87.9197 345.2237 0001415 104.9541 255.1748 13.17647862247308
ONEWEB-0291             
1 49081U 21075G   26271.96798609  .00000083  00000+0  18166-3 0  9994
2 49081  87.9192 345.2573 0001947 110.8060 249.3280 13.17669870247274
ONEWEB-0293             
1 49082U 21075H   26272.14519931  .00000059  00000+0  11811-3 0  9998
2 49082  87.9191 345.2246 0001766 103.2132 256.9196 13.17647537247328
ONEWEB-0294             
1 49083U 21075J   26272.08927845  .00000329  00000+0  87797-3 0  9995
2 49083  87.8969 330.0355 0001534 101.1935 258.9366 13.12443493248204
ONEWEB-0295             
1 49084U 21075K   26272.14435635 -.00000129  00000+0 -36511-3 0  9992
2 49084  87.9193 345.2291 0001996 108.7059 251.4289 13.17648833247283
ONEWEB-0296             
1 49085U 21075L   26272.14518941  .00000339  00000+0  90764-3 0  9996
2 49085  87.8961 330.0289 0001891 108.8165 251.3168 13.12444184248215
ONEWEB-0297             
1 49086U 21075M   26272.09943785 -.00000031  00000+0 -12155-3 0  9998
2 49086  87.8957 330.0408 0001920 101.1889 258.9455 13.12442630248818
ONEWEB-0298             
1 49087U 21075N   26272.14872859  .00000046  00000+0  86587-4 0  9993
2 49087  87.9191 345.2264 0002024  99.3783 260.7577 13.17649878247313
ONEWEB-0299             
1 49088U 21075P   26272.15026457  .00000034  00000+0  54010-4 0  9993
2 49088  87.9198 345.2160 0001969  97.6643 262.4712 13.17650437247299
ONEWEB-0300             
1 49089U 21075Q   26272.09181956  .00000216  00000+0  56469-3 0  9994
2 49089  87.8969 330.0335 0002228  94.7520 265.3863 13.12442635248836
ONEWEB-0301             
1 49090U 21075R   26272.15198743  .00000550  00000+0  14945-2 0  9998
2 49090  87.8967 330.0174 0002126  92.4841 267.6531 13.12442921248201
ONEWEB-0302             
1 49091U 21075S   26272.13841088  .00000137  00000+0  34579-3 0  9991
2 49091  87.8961 330.0284 0001633 106.3533 253.7776 13.12444140248182
ONEWEB-0304             
1 49092U 21075T   26272.12496086  .00000014  00000+0  23562-5 0  9991
2 49092  87.9190 345.2333 0001953 105.1415 254.9933 13.17650497247267
ONEWEB-0305             
1 49093U 21075U   26272.11820426  .00000057  00000+0  11302-3 0  9994
2 49093  87.9196 345.2269 0002164 109.4078 250.7287 13.17647451247294
ONEWEB-0308             
1 49094U 21075V   26272.13162699 -.00000066  00000+0 -21915-3 0  9991
2 49094  87.8970 330.0281 0001860  98.0563 262.0777 13.12444073248194
ONEWEB-0309             
1 49095U 21075W   26271.96971645 -.00000001  00000+0 -35112-4 0  9995
2 49095  87.9189 345.2568 0001487 109.3098 250.8194 13.17648397247241
ONEWEB-0310             
1 49096U 21075X   26272.14688816  .00000406  00000+0  10935-2 0  9993
2 49096  87.8959 330.0368 0001866  98.4951 261.6389 13.12444021248827
ONEWEB-0311             
1 49097U 21075Y   26272.12833227  .00000021  00000+0  21367-4 0  9996
2 49097  87.9192 345.2257 0002287 107.0019 253.1363 13.17650070247312
ONEWEB-0312             
1 49098U 21075Z   26272.21946300  .00000091  00000+0  20199-3 0  9992
2 49098  87.9189 345.2177 0001920 108.9113 251.2227 13.17648498247306
ONEWEB-0313             
1 49099U 21075AA  26272.14844647  .00000052  00000+0  99740-4 0  9992
2 49099  87.9190 345.2353 0001974 103.2587 256.8765 13.17650869247287
ONEWEB-0314             
1 49100U 21075AB  26271.96296079  .00000016  00000+0  69286-5 0  9997
2 49100  87.9202 345.2571 0001945 111.9371 248.1967 13.17650375247236
ONEWEB-0315             
1 49101U 21075AC  26271.58610839 -.00000351  00000+0 -10104-2 0  9996
2 49101  87.8970 330.1206 0002252 101.7658 258.3723 13.12443862248738
ONEWEB-0316             
1 49102U 21075AD  26272.10976743  .00000005  00000+0 -20596-4 0  9998
2 49102  87.9141 314.8044 0001781  99.3945 260.7388 13.18685496250909
ONEWEB-0317             
1 49103U 21075AE  26272.12312580 -.00000302  00000+0 -87603-3 0  9996
2 49103  87.8961 330.0328 0001287  94.2491 265.8784 13.12446214248826
ONEWEB-0318             
1 49104U 21075AF  26272.10685720  .00000000  00000+0 -32819-4 0  9998
2 49104  87.9141 314.8087 0002060  99.6427 260.4938 13.18529377250865
ONEWEB-0319             
1 49105U 21075AG  26272.13001051 -.00000122  00000+0 -34806-3 0  9994
2 49105  87.9190 345.2303 0002308 104.5634 255.5754 13.17648000247298
ONEWEB-0323             
1 49106U 21075AH  26272.10452144 -.00000164  00000+0 -49117-3 0  9992
2 49106  87.8969 330.0234 0002362 106.3364 253.8024 13.12442557248181
ONEWEB-0329             
1 49107U 21075AJ  26272.13844869  .00000084  00000+0  18429-3 0  9996
2 49107  87.9191 345.2296 0001920 105.1452 254.9892 13.17650880247279
ONEWEB-0330             
1 49108U 21075AK  26272.14197574  .00000077  00000+0  16455-3 0  9991
2 49108  87.9195 345.2428 0001845 105.3764 254.7571 13.17648885247314
ONEWEB-0292             
1 49186U 21083A   26271.53857203  .00000322  00000+0  84746-3 0  9991
2 49186  87.8895 299.6670 0002010  95.2208 264.9150 13.13469267244495
ONEWEB-0303             
1 49187U 21083B   26271.57175057 -.00001912  00000+0 -48846-2 0  9994
2 49187  87.9156 314.9129 0002613 104.6236 255.5186 13.18687755243608
ONEWEB-0306             
1 49188U 21083C   26271.56163058 -.00000004  00000+0 -43452-4 0  9993
2 49188  87.9151 314.9067 0001662  95.4110 264.7212 13.18684432243641
ONEWEB-0307             
1 49189U 21083D   26271.53262803  .00000335  00000+0  88203-3 0  9996
2 49189  87.8901 299.6666 0001961  98.1862 261.9489 13.13469256244493
ONEWEB-0320             
1 49190U 21083E   26271.58184836  .00000086  00000+0  18603-3 0  9992
2 49190  87.9138 314.9100 0001845  95.3502 264.7840 13.18688010243603
ONEWEB-0321             
1 49191U 21083F   26271.45753271  .00000056  00000+0  10561-3 0  9996
2 49191  87.9149 253.8305 0001920  79.4691 280.6658 13.20769954250466
ONEWEB-0322             
1 49192U 21083G   26271.60457999  .00000265  00000+0  69159-3 0  9991
2 49192  87.8896 299.6516 0001735  81.0755 279.0570 13.13470513244494
ONEWEB-0324             
1 49193U 21083H   26271.55488485  .00000065  00000+0  13138-3 0  9994
2 49193  87.9149 314.9142 0001786 100.7155 259.4178 13.18686874243626
ONEWEB-0325             
1 49194U 21083J   26271.55825205  .00000102  00000+0  22667-3 0  9999
2 49194  87.9145 314.9125 0001996  93.8195 266.3165 13.18683661243638
ONEWEB-0326             
1 49195U 21083K   26267.93184965 -.00031824  00000+0 -81343-1 0  9999
2 49195  87.9130 315.6492 0002607 128.5201 231.6165 13.18428860243141
ONEWEB-0327             
1 49196U 21083L   26271.57330899  .00000002  00000+0 -28197-4 0  9998
2 49196  87.9139 314.9108 0002296  94.2271 265.9124 13.18686784243648
ONEWEB-0328             
1 49197U 21083M   26271.51824728  .00000150  00000+0  37648-3 0  9995
2 49197  87.8905 299.6520 0001798  97.8235 262.3099 13.13470288244469
ONEWEB-0331             
1 49198U 21083N   26271.56669722  .00000016  00000+0  70666-5 0  9992
2 49198  87.9147 314.9105 0002195 100.7693 259.3686 13.18686947243635
ONEWEB-0333             
1 49199U 21083P   26271.58933969 -.00000042  00000+0 -15001-3 0  9993
2 49199  87.8897 299.6545 0001927  93.6184 266.5165 13.13471737244481
ONEWEB-0334             
1 49200U 21083Q   26271.47184721 -.00000027  00000+0 -98991-4 0  9991
2 49200  87.9151 253.8383 0001733  64.3395 295.7917 13.20773041250425
ONEWEB-0335             
1 49201U 21083R   26271.58426824 -.00000145  00000+0 -43168-3 0  9993
2 49201  87.8893 299.6524 0002236  96.2888 263.8496 13.13470393244497
ONEWEB-0336             
1 49202U 21083S   26271.55549564 -.00000098  00000+0 -30439-3 0  9992
2 49202  87.8905 299.6533 0002095 100.2832 259.8533 13.13468295244484
ONEWEB-0337             
1 49203U 21083T   26271.56551201 -.00000119  00000+0 -36048-3 0  9991
2 49203  87.8899 299.6569 0001790  99.1340 260.9991 13.13470810244484
ONEWEB-0338             
1 49204U 21083U   26271.52487976  .00000084  00000+0  17475-3 0  9997
2 49204  87.9151 253.8292 0001825  76.1391 283.9945 13.20771526250456
ONEWEB-0339             
1 49205U 21083V   26271.57410446 -.00000332  00000+0 -94331-3 0  9995
2 49205  87.8899 299.6486 0001835  88.5423 271.5916 13.13469851244464
ONEWEB-0340             
1 49206U 21083W   26271.55319403  .00000045  00000+0  82068-4 0  9999
2 49206  87.9143 314.9164 0002021  99.2065 260.9295 13.18684164243597
ONEWEB-0341             
1 49207U 21083X   26271.40817200 -.00000162  00000+0 -44410-3 0  9992
2 49207  87.9140 314.9447 0001795 110.2946 249.8380 13.18685445243592
ONEWEB-0342             
1 49208U 21083Y   26271.45585232  .00000070  00000+0  14055-3 0  9993
2 49208  87.9149 253.8329 0001907  83.7349 276.4002 13.20771359250417
ONEWEB-0343             
1 49209U 21083Z   26271.56835934  .00000042  00000+0  73903-4 0  9990
2 49209  87.9143 314.9121 0001527  89.6273 270.5034 13.18687503243663
ONEWEB-0344             
1 49210U 21083AA  26271.56902711 -.00000327  00000+0 -93158-3 0  9991
2 49210  87.8898 299.6615 0001726 106.3734 253.7585 13.13469294244461
ONEWEB-0345             
1 49211U 21083AB  26271.56056731 -.00000181  00000+0 -53031-3 0  9998
2 49211  87.8902 299.6533 0001679 102.3617 257.7700 13.13469153244478
ONEWEB-0346             
1 49212U 21083AC  26271.56499532  .00000042  00000+0  72597-4 0  9992
2 49212  87.9145 314.9124 0002500 103.0508 257.0904 13.18684189243603
ONEWEB-0348             
1 49213U 21083AD  26271.52152226  .00000101  00000+0  21720-3 0  9992
2 49213  87.9150 253.8251 0002163  98.6212 261.5167 13.20772464250457
ONEWEB-0350             
1 49214U 21083AE  26271.57932883 -.00000292  00000+0 -83531-3 0  9994
2 49214  87.8898 299.6517 0002424  69.0479 291.0909 13.13470061244507
ONEWEB-0351             
1 49215U 21083AF  26271.51463944  .00000090  00000+0  18868-3 0  9991
2 49215  87.9151 253.8259 0001368  80.4206 279.7082 13.20771332250412
ONEWEB-0352             
1 49216U 21083AG  26271.55041084  .00000015  00000+0  65912-5 0  9994
2 49216  87.8897 299.6606 0001483  87.5530 272.5769 13.13468519244596
ONEWEB-0354             
1 49217U 21083AH  26271.46597207  .00000050  00000+0  91257-4 0  9997
2 49217  87.9149 253.8334 0002003  99.6754 260.4606 13.20771199250445
ONEWEB-0355             
1 49218U 21083AJ  26271.58001996 -.00000206  00000+0 -59965-3 0  9990
2 49218  87.8897 299.6560 0001661  95.2159 264.9160 13.13470620244471
ONEWEB-0357             
1 49219U 21083AK  26271.46259286  .00000026  00000+0  31904-4 0  9997
2 49219  87.9152 253.8281 0001748  87.8824 272.2509 13.20770006250443
ONEWEB-0332             
1 49279U 21090A   26271.66668981 -.00039177  00000+0 -10415+0 0  9999
2 49279  87.8900 269.0648 0001957  82.9723 306.0928 13.15806818  4590
ONEWEB-0347             
1 49280U 21090B   26271.45248788  .00000092  00000+0  19357-3 0  9997
2 49280  87.9150 253.8379 0002002  78.6429 281.4929 13.20771400244675
ONEWEB-0349             
1 49281U 21090C   26271.48449644  .00000022  00000+0  22941-4 0  9992
2 49281  87.9147 253.8318 0002011  85.9236 274.2127 13.20772575243462
ONEWEB-0353             
1 49282U 21090D   26271.50353685  .00000002  00000+0 -30069-4 0  9994
2 49282  87.8897 269.0955 0001957  81.9173 278.2178 13.14505146241159
ONEWEB-0356             
1 49283U 21090E   26271.40705030  .00000794  00000+0  19197-2 0  9993
2 49283  87.9154 253.8415 0002646  87.0107 273.1329 13.20765692243457
ONEWEB-0358             
1 49284U 21090F   26271.51899034  .00000063  00000+0  12270-3 0  9999
2 49284  87.9150 253.8268 0002074  88.3409 271.7962 13.20771046244193
ONEWEB-0359             
1 49285U 21090G   26271.50973363  .00000071  00000+0  14330-3 0  9995
2 49285  87.9151 253.8204 0002091  90.3935 269.7438 13.20771035244172
ONEWEB-0360             
1 49286U 21090H   26271.49962935  .00000011  00000+0 -43347-5 0  9994
2 49286  87.9150 253.8284 0001890  87.2089 272.9261 13.20772757243486
ONEWEB-0361             
1 49287U 21090J   26271.48109834  .00000045  00000+0  78680-4 0  9998
2 49287  87.9152 253.8312 0002021  89.4678 270.6687 13.20770436243935
ONEWEB-0362             
1 49288U 21090K   26271.59132764 -.00001873  00000+0 -47111-2 0  9994
2 49288  87.9093 284.3686 0001350 104.4874 255.6408 13.19736978240553
ONEWEB-0363             
1 49289U 21090L   26271.49627352  .00000049  00000+0  87453-4 0  9993
2 49289  87.9150 253.8274 0002295  84.6370 275.5026 13.20772036243941
ONEWEB-0364             
1 49290U 21090M   26271.45921651  .00000040  00000+0  67396-4 0  9995
2 49290  87.9150 253.8425 0001968  84.7609 275.3749 13.20769814245079
ONEWEB-0365             
1 49291U 21090N   26271.52497998  .00000025  00000+0  29139-4 0  9992
2 49291  87.9099 284.3759 0001891  91.3022 268.8327 13.19723922240059
ONEWEB-0366             
1 49292U 21090P   26271.50016097 -.00000109  00000+0 -32732-3 0  9995
2 49292  87.8895 269.0973 0001922  90.2525 269.8825 13.14504953241132
ONEWEB-0367             
1 49293U 21090Q   26272.02570654 -.00000106  00000+0 -29314-3 0  9997
2 49293  87.9150 253.7245 0001854  83.0522 277.0822 13.20769548243535
ONEWEB-0368             
1 49294U 21090R   26271.99963156 -.00000037  00000+0 -12388-3 0  9992
2 49294  87.9152 253.7337 0002468  71.2767 288.8634 13.20772312244683
ONEWEB-0369             
1 49295U 21090S   26272.05097461  .00000047  00000+0  83999-4 0  9994
2 49295  87.9095 284.2731 0002292  86.0418 274.0977 13.19727399240113
ONEWEB-0370             
1 49296U 21090T   26272.03498597 -.00000029  00000+0 -10392-3 0  9996
2 49296  87.9150 253.7207 0001768  92.2514 267.8821 13.20772581243574
ONEWEB-0371             
1 49297U 21090U   26272.05887388  .00000041  00000+0  68847-4 0  9990
2 49297  87.9097 284.2686 0002122  87.7287 272.4089 13.19726958240150
ONEWEB-0372             
1 49298U 21090V   26272.02474053 -.00000102  00000+0 -28357-3 0  9990
2 49298  87.9150 253.7254 0001973  84.1319 276.0039 13.20770819243541
ONEWEB-0373             
1 49299U 21090W   26271.97436424  .00000068  00000+0  13413-3 0  9990
2 49299  87.9152 253.7344 0002031  88.4497 271.6869 13.20770175244722
ONEWEB-0374             
1 49300U 21090X   26272.01945316 -.00000257  00000+0 -72783-3 0  9991
2 49300  87.8907 268.9885 0002481  93.5928 266.5486 13.14503343241207
ONEWEB-0375             
1 49301U 21090Y   26272.18987338  .00001824  00000+0  44542-2 0  9990
2 49301  87.9149 253.6843 0002407  90.6900 269.4509 13.20762669244259
ONEWEB-0376             
1 49302U 21090Z   26272.20892005  .00000022  00000+0  22656-4 0  9993
2 49302  87.9098 284.2378 0001829  85.1103 275.0239 13.19724169240178
ONEWEB-0377             
1 49303U 21090AA  26272.02501294 -.00000018  00000+0 -75995-4 0  9992
2 49303  87.9152 253.7191 0002271  88.2062 271.9332 13.20772801244221
ONEWEB-0378             
1 49304U 21090AB  26271.96945872  .00000078  00000+0  16044-3 0  9992
2 49304  87.9150 253.7328 0002126  84.3447 275.7929 13.20773017243486
ONEWEB-0379             
1 49305U 21090AC  26272.01438561 -.00000112  00000+0 -33765-3 0  9992
2 49305  87.8898 268.9956 0002065  86.3447 273.7919 13.14503278241202
ONEWEB-0380             
1 49306U 21090AD  26272.05412196 -.00000004  00000+0 -43112-4 0  9991
2 49306  87.9095 284.2697 0001961  96.6095 263.5261 13.19723213240128
ONEWEB-0381             
1 49307U 21090AE  26271.94575000  .00000056  00000+0  10558-3 0  9995
2 49307  87.9149 253.7399 0002247  88.9803 271.1588 13.20773142243520
ONEWEB-0382             
1 49308U 21090AF  26272.00802969  .00000016  00000+0  80171-5 0  9997
2 49308  87.9150 253.7216 0002297  86.3009 273.8387 13.20773379243524
ONEWEB-0383             
1 49309U 21090AG  26272.00760101 -.00000030  00000+0 -11437-3 0  9994
2 49309  87.8898 268.9908 0002072  87.1577 272.9790 13.14502718241233
ONEWEB-0384             
1 49310U 21090AH  26271.99320013  .00000076  00000+0  15374-3 0  9999
2 49310  87.9149 253.7669 0002529  83.2784 276.8637 13.20818478243533
ONEWEB-0385             
1 49311U 21090AJ  26272.00130551  .00000023  00000+0  25189-4 0  9997
2 49311  87.9153 253.7274 0002176  86.7416 273.3966 13.20770761243505
ONEWEB-0386             
1 49312U 21090AK  26272.01813600 -.00000069  00000+0 -20266-3 0  9994
2 49312  87.9153 253.7184 0002181  82.9775 277.1607 13.20772842243526
ONEWEB-0387             
1 49313U 21090AL  26272.00298267 -.00000026  00000+0 -95633-4 0  9994
2 49313  87.9151 253.7360 0002198  93.6320 266.5064 13.20773031243524
ONEWEB-0388             
1 49314U 21090AM  26272.04938959 -.00000005  00000+0 -45073-4 0  9998
2 49314  87.9102 284.2685 0002053  90.5310 269.6058 13.19724306240113
ONEWEB-0389             
1 50469U 21132A   26272.15533161  .00000073  00000+0  15378-3 0  9993
2 50469  87.9191 345.2259 0002144  97.0465 263.0911 13.17651501231775
ONEWEB-0390             
1 50470U 21132B   26272.15702323 -.00000940  00000+0 -24536-2 0  9993
2 50470  87.9191 345.2265 0001715 107.4537 252.6782 13.17638159231777
ONEWEB-0391             
1 50471U 21132C   26272.00683308  .00000022  00000+0  23419-4 0  9999
2 50471  87.9187 345.2650 0002451 117.3789 242.7592 13.17647777231751
ONEWEB-0392             
1 50472U 21132D   26271.58158960  .00000031  00000+0  46072-4 0  9993
2 50472  87.9199 345.3265 0002230 107.1761 252.9615 13.17647569231736
ONEWEB-0393             
1 50473U 21132E   26272.01274663  .00000028  00000+0  38703-4 0  9990
2 50473  87.9191 345.2495 0002013 102.5605 257.5751 13.17648202231780
ONEWEB-0394             
1 50474U 21132F   26272.12481231  .00000089  00000+0  19368-3 0  9996
2 50474  87.9146 314.7910 0002053  94.5728 265.5639 13.18687146235299
ONEWEB-0395             
1 50475U 21132G   26272.00709366  .00000543  00000+0  14974-2 0  9998
2 50475  87.8968   0.4323 0001732 106.2313 253.9005 13.11417906229325
ONEWEB-0396             
1 50476U 21132H   26272.11805512  .00000012  00000+0 -16539-5 0  9995
2 50476  87.9142 314.8037 0002117  96.7760 263.3613 13.18687578235331
ONEWEB-0397             
1 50477U 21132J   26272.13324637  .00000080  00000+0  17015-3 0  9994
2 50477  87.9145 314.8011 0002145  93.0354 267.1024 13.18686982235311
ONEWEB-0398             
1 50478U 21132K   26272.20362392 -.00000390  00000+0 -11350-2 0  9994
2 50478  87.8973   0.3916 0001638 109.9885 250.1419 13.11417785229244
ONEWEB-0399             
1 50479U 21132L   26272.03745278 -.00000379  00000+0 -11052-2 0  9990
2 50479  87.8966   0.4303 0002303 104.5689 255.5695 13.11417132229219
ONEWEB-0400             
1 50480U 21132M   26272.11132017  .00000031  00000+0  46871-4 0  9994
2 50480  87.9147 314.7972 0001773  99.3717 260.7616 13.18686776235306
ONEWEB-0401             
1 50481U 21132N   26272.08097356  .00000036  00000+0  59450-4 0  9999
2 50481  87.9148 314.8014 0001997  89.8835 270.2526 13.18685521235302
ONEWEB-0402             
1 50482U 21132P   26272.11973709  .00000013  00000+0 -96944-6 0  9996
2 50482  87.9155 314.7808 0002132  83.8616 276.2759 13.18685276235338
ONEWEB-0403             
1 50483U 21132Q   26272.14503900  .00000123  00000+0  27813-3 0  9999
2 50483  87.9144 314.7994 0002048  98.4093 261.7272 13.18685555235294
ONEWEB-0404             
1 50484U 21132R   26272.01882390  .00000370  00000+0  10096-2 0  9997
2 50484  87.8972   0.4333 0002070 109.3927 250.7425 13.11415484229300
ONEWEB-0405             
1 50485U 21132S   26271.55152011  .00000017  00000+0  10718-4 0  9997
2 50485  87.9151 314.9063 0001534 104.4546 255.6757 13.18686460235615
ONEWEB-0406             
1 50486U 21132T   26271.54308343  .00000081  00000+0  17173-3 0  9990
2 50486  87.9144 314.9182 0002338 105.0818 255.0573 13.18687426235244
ONEWEB-0407             
1 50487U 21132U   26271.53632641  .00000034  00000+0  53075-4 0  9991
2 50487  87.9149 314.9157 0001788  91.1818 268.9519 13.18687605235180
ONEWEB-0409             
1 50488U 21132V   26271.55934551  .00000342  00000+0  92802-3 0  9991
2 50488  87.8971   0.5161 0001931 110.0924 250.0412 13.11415638229135
ONEWEB-0412             
1 50489U 21132W   26271.60042528 -.00000453  00000+0 -11812-2 0  9998
2 50489  87.9142 314.9064 0002171  86.8577 273.2804 13.18683418235287
ONEWEB-0413             
1 50490U 21132X   26271.60546665  .00000041  00000+0  71791-4 0  9996
2 50490  87.9149 314.9049 0001927  87.1260 273.0093 13.18684857235220
ONEWEB-0414             
1 50491U 21132Y   26271.59030029 -.00000039  00000+0 -13087-3 0  9999
2 50491  87.9148 314.8934 0002073  93.3702 266.7667 13.18686950235250
ONEWEB-0417             
1 50492U 21132Z   26271.59871408  .00000254  00000+0  61165-3 0  9991
2 50492  87.9149 314.9057 0002015 103.7677 256.3680 13.18682725235236
ONEWEB-0418             
1 50493U 21132AA  26271.60871363 -.00000984  00000+0 -25289-2 0  9992
2 50493  87.9138 314.9053 0002169 104.7749 255.3623 13.18677181235294
ONEWEB-0419             
1 50494U 21132AB  26271.66668981 -.00018898  00000+0 -48064-1 0  9997
2 50494  87.9144 314.9091 0001913 103.6284 334.9819 13.18690664  5121
ONEWEB-0420             
1 50495U 21132AC  26271.59197844 -.00000012  00000+0 -62342-4 0  9992
2 50495  87.9141 314.9055 0001765  92.2221 267.9114 13.18687980235202
ONEWEB-0421             
1 50496U 21132AD  26271.58523528 -.00000027  00000+0 -10012-3 0  9996
2 50496  87.9151 314.9090 0002243  91.2474 268.8915 13.18687922235243
ONEWEB-0424             
1 50497U 21132AE  26271.54644381  .00000041  00000+0  72368-4 0  9991
2 50497  87.9145 314.9175 0001653 110.3110 249.8200 13.18684199235266
ONEWEB-0426             
1 50498U 21132AF  26271.57510142  .00000022  00000+0  23380-4 0  9991
2 50498  87.9148 314.9022 0002487 102.0437 258.0974 13.18664695235211
ONEWEB-0427             
1 50499U 21132AG  26271.54478028  .00000090  00000+0  19561-3 0  9995
2 50499  87.9149 314.9007 0002075 100.5412 259.5954 13.18685742235237
ONEWEB-0429             
1 50500U 21132AH  26271.53127488 -.00000009  00000+0 -55521-4 0  9997
2 50500  87.9141 314.9199 0001855  92.2060 267.9285 13.18684535235201
ONEWEB-0430             
1 50501U 21132AJ  26271.59533757 -.00000058  00000+0 -18026-3 0  9996
2 50501  87.9142 314.9059 0001697  91.4608 268.6719 13.18687706235259
ONEWEB-0432             
1 50502U 21132AK  26271.57835666  .00000044  00000+0  79867-4 0  9993
2 50502  87.9149 314.9011 0001484 102.4373 257.6926 13.18686936235208
ONEWEB-0440             
1 50503U 21132AL  26271.53970535  .00000088  00000+0  19022-3 0  9999
2 50503  87.9145 314.9185 0002013  87.2237 272.9126 13.18684569235195
ONEWEB-0450             
1 50504U 21132AM  26272.14011250  .00000067  00000+0  13644-3 0  9999
2 50504  87.9151 314.7969 0001783  92.3889 267.7447 13.18687854235305
ONEWEB-0410             
1 51622U 22012A   26271.56640649  .00000059  00000+0  11874-3 0  9998
2 51622  87.9190 345.3375 0003069 114.1866 245.9587 13.17647458227318
ONEWEB-0411             
1 51623U 22012B   26271.55408505 -.00000659  00000+0 -19237-2 0  9999
2 51623  87.8910  15.7000 0001226 102.5248 257.6017 13.10373194222824
ONEWEB-0415             
1 51624U 22012C   26271.32162288 -.00000623  00000+0 -18205-2 0  9995
2 51624  87.8919  15.7431 0001585 114.4279 245.7014 13.10372962222799
ONEWEB-0416             
1 51625U 22012D   26271.56259136 -.00000349  00000+0 -10365-2 0  9995
2 51625  87.8911  15.7064 0001553 114.1299 245.9991 13.10375818222865
ONEWEB-0422             
1 51626U 22012E   26271.57653743 -.00000007  00000+0 -50238-4 0  9995
2 51626  87.9191 345.3332 0001705  80.5759 279.5566 13.17647903227425
ONEWEB-0423             
1 51627U 22012F   26271.56978749  .00000047  00000+0  87324-4 0  9999
2 51627  87.9191 345.3383 0001974 101.2683 258.8671 13.17649079227318
ONEWEB-0425             
1 51628U 22012G   26271.57275607  .00000172  00000+0  45615-3 0  9999
2 51628  87.8921  15.6920 0002079 110.1026 250.0326 13.10374648222866
ONEWEB-0428             
1 51629U 22012H   26271.32332556 -.00000650  00000+0 -18976-2 0  9992
2 51629  87.8909  15.7444 0001746 101.6025 258.5299 13.10374453222797
ONEWEB-0431             
1 51630U 22012J   26271.59808806  .00000507  00000+0  14148-2 0  9995
2 51630  87.8915  15.6873 0001169 103.0581 257.0677 13.10370453222883
ONEWEB-0434             
1 51631U 22012K   26271.57631443  .00000292  00000+0  79973-3 0  9994
2 51631  87.8919  15.7173 0002364 110.0288 250.1094 13.10375974222860
ONEWEB-0435             
1 51632U 22012L   26271.58294936  .00000613  00000+0  17195-2 0  9992
2 51632  87.8908  15.6968 0001570  92.1356 267.9951 13.10376421222859
ONEWEB-0436             
1 51633U 22012M   26271.48540472  .00000071  00000+0  14959-3 0  9995
2 51633  87.9202 345.3442 0001909  92.5852 267.5498 13.17650243227287
ONEWEB-0438             
1 51634U 22012N   26271.33861450 -.00000103  00000+0 -33266-3 0  9992
2 51634  87.8911  15.7490 0001912 105.8425 254.2913 13.10377631222856
ONEWEB-0439             
1 51635U 22012P   26271.57106772  .00000036  00000+0  65962-4 0  9990
2 51635  87.8922  15.6933 0001905 100.7747 259.3595 13.10376643222868
ONEWEB-0442             
1 51636U 22012Q   26271.55373889 -.00000210  00000+0 -57407-3 0  9994
2 51636  87.9193 345.3549 0002368 109.1533 250.9856 13.17648933227285
ONEWEB-0443             
1 51637U 22012R   26271.57315272  .00000090  00000+0  19979-3 0  9995
2 51637  87.9188 345.3511 0002146  94.2517 265.8860 13.17647655227335
ONEWEB-0444             
1 51638U 22012S   26271.56086299 -.00000371  00000+0 -10982-2 0  9997
2 51638  87.8921  15.6949 0001850  97.1758 262.9580 13.10373577222875
ONEWEB-0445             
1 51639U 22012T   26271.58126005  .00000532  00000+0  14874-2 0  9991
2 51639  87.8918  15.6835 0001699 106.1298 254.0016 13.10375181222887
ONEWEB-0446             
1 51640U 22012U   26271.55918186 -.00000479  00000+0 -14072-2 0  9991
2 51640  87.8911  15.7082 0001649 112.9579 247.1723 13.10374974222864
ONEWEB-0448             
1 51641U 22012V   26271.33521536 -.00000187  00000+0 -57313-3 0  9999
2 51641  87.8913  15.7477 0001769 102.5544 257.5782 13.10376244222801
ONEWEB-0449             
1 51642U 22012W   26271.56936652  .00000036  00000+0  68276-4 0  9996
2 51642  87.8920  15.6938 0002138 111.9526 248.1829 13.10375802222847
ONEWEB-0451             
1 51643U 22012X   26271.55796808  .00000033  00000+0  52259-4 0  9994
2 51643  87.9202 345.3289 0002097 102.5699 257.5667 13.17649478227271
ONEWEB-0452             
1 51644U 22012Y   26271.48036138  .00000095  00000+0  21095-3 0  9991
2 51644  87.9187 345.3690 0002285  98.8865 261.2525 13.17648674227273
ONEWEB-0456             
1 51646U 22012AA  26271.57785380  .00000406  00000+0  11276-2 0  9998
2 51646  87.8920  15.6851 0001745  97.2197 262.9128 13.10377133222887
ONEWEB-0457             
1 51647U 22012AB  26271.55566754 -.00001934  00000+0 -55796-2 0  9993
2 51647  87.8921  15.7000 0001733 116.0424 244.0881 13.10357965222884
ONEWEB-0458             
1 51648U 22012AC  26271.56344162 -.00000332  00000+0 -98873-3 0  9997
2 51648  87.8919  15.6806 0001962  98.9497 261.1853 13.10371266222842
ONEWEB-0461             
1 51649U 22012AD  26271.57820494  .00000061  00000+0  12472-3 0  9994
2 51649  87.9192 345.3337 0001856 103.9164 256.2174 13.17650878227504
ONEWEB-0463             
1 51650U 22012AE  26271.25590926 -.00000824  00000+0 -21568-2 0  9999
2 51650  87.9186 345.4132 0001751 104.1581 255.9746 13.17641512227240
ONEWEB-0464             
1 51651U 22012AF  26271.57447157  .00000244  00000+0  66224-3 0  9995
2 51651  87.8910  15.7016 0001892  92.4912 267.6432 13.10375977222863
ONEWEB-0468             
1 51652U 22012AG  26271.57955804  .00000481  00000+0  13414-2 0  9994
2 51652  87.8910  15.6938 0001801  94.3211 265.8122 13.10376877222843
ONEWEB-0473             
1 51653U 22012AH  26271.56593821 -.00000781  00000+0 -22734-2 0  9991
2 51653  87.8906  15.6981 0001607  98.1156 262.0153 13.10382953222846
ONEWEB-0474             
1 51654U 22012AJ  26271.55747989 -.00000879  00000+0 -25556-2 0  9990
2 51654  87.8918  15.6942 0001785  96.6866 263.4464 13.10374762222833
ONEWEB-0475             
1 51655U 22012AK  26271.57148205 -.00000099  00000+0 -28907-3 0  9997
2 51655  87.9192 345.3467 0002133  84.0653 276.0722 13.17648290227308
ONEWEB-0490             
1 54113U 22138A   26271.54868743  .00000035  00000+0  55746-4 0  9991
2 54113  87.9098 284.3706 0001810  84.9675 275.1664 13.19723855190461
ONEWEB-0492             
1 54114U 22138B   26271.49814984 -.00001352  00000+0 -34103-2 0  9991
2 54114  87.9103 284.3812 0001669  88.6815 271.4509 13.19716310190461
ONEWEB-0495             
1 54115U 22138C   26271.55185344 -.00000001  00000+0 -34612-4 0  9997
2 54115  87.9092 284.3688 0001741  70.5925 289.5396 13.19725686190452
ONEWEB-0497             
1 54116U 22138D   26271.56447176 -.00000015  00000+0 -70033-4 0  9995
2 54116  87.9102 284.3656 0001852  88.4938 271.6407 13.19727182190442
ONEWEB-0499             
1 54117U 22138E   26271.54790114  .00000042  00000+0  72462-4 0  9993
2 54117  87.9099 284.3718 0001909  84.3446 275.7905 13.19723526190456
ONEWEB-0500             
1 54118U 22138F   26271.55028161 -.00000032  00000+0 -11200-3 0  9994
2 54118  87.9103 284.3702 0001814  91.1499 268.9842 13.19725519190464
ONEWEB-0501             
1 54119U 22138G   26271.58028886  .00000235  00000+0  55368-3 0  9998
2 54119  87.9120 284.3645 0001989  76.0312 284.1042 13.19720510190445
ONEWEB-0502             
1 54120U 22138H   26271.56605167 -.00000053  00000+0 -16403-3 0  9998
2 54120  87.9103 284.3589 0001968  83.5344 276.6013 13.19723388190462
ONEWEB-0503             
1 54121U 22138J   26271.55499632 -.00000030  00000+0 -10623-3 0  9999
2 54121  87.9106 284.3677 0002144  91.7384 268.3994 13.19723882190450
ONEWEB-0504             
1 54122U 22138K   26271.54238207  .00000065  00000+0  12883-3 0  9994
2 54122  87.9097 284.3725 0001969  83.6628 276.4729 13.19725612190469
ONEWEB-0505             
1 54123U 22138L   26271.53921260  .00000065  00000+0  12874-3 0  9992
2 54123  87.9096 284.3722 0001877  76.5177 283.6164 13.19726550190447
ONEWEB-0506             
1 54124U 22138M   26271.58976676  .00000046  00000+0  83146-4 0  9999
2 54124  87.9099 284.3621 0001848  80.8306 279.3036 13.19726367190445
ONEWEB-0507             
1 54125U 22138N   26271.53446065  .00000056  00000+0  10642-3 0  9990
2 54125  87.9093 284.3771 0001816  84.7841 275.3499 13.19726916190481
ONEWEB-0508             
1 54126U 22138P   26271.53131498  .00000054  00000+0  10274-3 0  9991
2 54126  87.9100 284.3776 0001756  80.5400 279.5931 13.19723856190469
ONEWEB-0509             
1 54127U 22138Q   26271.58186131 -.00000047  00000+0 -14902-3 0  9997
2 54127  87.9101 284.3657 0001796  88.6227 271.5111 13.19724873190449
ONEWEB-0510             
1 54128U 22138R   26271.46427632  .00000035  00000+0  55331-4 0  9996
2 54128  87.9151 253.8305 0002184  95.8339 264.3043 13.20770604192915
ONEWEB-0511             
1 54129U 22138S   26271.57870062 -.00000018  00000+0 -76376-4 0  9993
2 54129  87.9096 284.3646 0002119  87.1726 272.9649 13.19724422190474
ONEWEB-0512             
1 54130U 22138T   26271.57080023 -.00000021  00000+0 -84357-4 0  9997
2 54130  87.9099 284.3675 0001894  80.4441 279.6905 13.19724364190441
ONEWEB-0513             
1 54131U 22138U   26271.53406326  .00000014  00000+0  14832-5 0  9994
2 54131  87.9094 284.3034 0002392  69.0484 291.0905 13.20261223190350
ONEWEB-0514             
1 54132U 22138V   26271.58658274 -.00000009  00000+0 -53931-4 0  9999
2 54132  87.9098 284.3635 0001980  94.2970 265.8389 13.19723745190461
ONEWEB-0515             
1 54133U 22138W   26271.45081525  .00000196  00000+0  44954-3 0  9994
2 54133  87.9149 253.8323 0001586 110.8839 249.2465 13.20772904192933
ONEWEB-0516             
1 54134U 22138X   26271.56132917  .00000591  00000+0  14452-2 0  9997
2 54134  87.9105 284.3713 0002041 153.8180 206.3057 13.19696352190468
ONEWEB-0517             
1 54135U 22138Y   26271.54079983  .00000096  00000+0  20626-3 0  9990
2 54135  87.9102 284.3724 0002171  90.7962 269.3420 13.19726332190464
ONEWEB-0518             
1 54136U 22138Z   26271.55974673  .00000020  00000+0  17792-4 0  9990
2 54136  87.9095 284.3715 0001682  90.1098 270.0228 13.19724417190463
ONEWEB-0519             
1 54137U 22138AA  26271.58500559 -.00000026  00000+0 -96738-4 0  9997
2 54137  87.9096 284.3627 0002081  91.5520 268.5851 13.19727290190473
ONEWEB-0520             
1 54138U 22138AB  26271.54395956 -.00000008  00000+0 -51236-4 0  9991
2 54138  87.9099 284.3730 0001800  83.2214 276.9124 13.19725482190453
ONEWEB-0521             
1 54139U 22138AC  26271.57712555  .00000060  00000+0  11855-3 0  9991
2 54139  87.9104 284.3586 0002105  92.7917 267.3457 13.19726810190408
ONEWEB-0522             
1 54140U 22138AD  26271.55657838  .00000031  00000+0  45673-4 0  9997
2 54140  87.9101 284.3644 0001898  86.0479 274.0871 13.19727345190442
ONEWEB-0523             
1 54141U 22138AE  26271.51308400  .00000070  00000+0  14126-3 0  9993
2 54141  87.9150 253.8268 0002217 106.3657 253.7720 13.20773876192946
ONEWEB-0524             
1 54142U 22138AF  26271.50298171 -.00000205  00000+0 -53664-3 0  9998
2 54142  87.9150 253.8248 0001383 107.5729 252.5556 13.20770693192949
ONEWEB-0525             
1 54143U 22138AG  26271.57554146  .00000016  00000+0  77263-5 0  9994
2 54143  87.9099 284.3660 0001689  78.5873 281.5449 13.19724447190467
ONEWEB-0526             
1 54144U 22138AH  26271.53289680  .00000037  00000+0  59764-4 0  9997
2 54144  87.9100 284.3741 0001774  88.6238 271.5098 13.19724652190437
ONEWEB-0529             
1 54145U 22138AJ  26271.53605603  .00000028  00000+0  38198-4 0  9993
2 54145  87.9095 284.3760 0001802  84.3579 275.7759 13.19726018190455
ONEWEB-0531             
1 54146U 22138AK  26271.48952252  .00000059  00000+0  11377-3 0  9996
2 54146  87.9148 253.8251 0002070 102.0082 258.1284 13.20773853192941
ONEWEB-0535             
1 54147U 22138AL  26271.56922083  .00000001  00000+0 -31008-4 0  9997
2 54147  87.9107 284.3627 0002070  98.5580 261.5788 13.19726601190475
ONEWEB-0536             
1 54148U 22138AM  26271.47604950 -.00000007  00000+0 -48088-4 0  9991
2 54148  87.9149 253.8423 0001877 114.9425 245.1903 13.20769466192930
ONEWEB-0527             
1 54642U 22166A   26271.35084739  .00000067  00000+0  13066-3 0  9996
2 54642  87.9293 223.4635 0001999  76.3581 283.7775 13.21826820185167
ONEWEB-0528             
1 54643U 22166B   26271.42738304  .00000073  00000+0  14631-3 0  9995
2 54643  87.9294 223.4519 0001903  72.2333 287.9008 13.21826660185184
ONEWEB-0539             
1 54644U 22166C   26271.38952617  .00000055  00000+0  10085-3 0  9995
2 54644  87.9301 223.4378 0002203  76.8602 283.2777 13.21827568185179
ONEWEB-0540             
1 54645U 22166D   26271.39638443  .00001545  00000+0  37084-2 0  9997
2 54645  87.9294 223.4573 0001998  66.1666 293.9678 13.21839977185164
ONEWEB-0542             
1 54646U 22166E   26271.39962542 -.00000030  00000+0 -10423-3 0  9997
2 54646  87.9300 223.4361 0002309  77.2658 282.8734 13.21824499185173
ONEWEB-0545             
1 54647U 22166F   26271.59138053  .00000089  00000+0  18436-3 0  9996
2 54647  87.9294 223.4015 0002648  83.7911 276.3525 13.21827209185169
ONEWEB-0580             
1 54648U 22166G   26271.41478129  .00000066  00000+0  12726-3 0  9990
2 54648  87.9294 223.4360 0002359  83.6324 276.5079 13.21825545185188
ONEWEB-0582             
1 54649U 22166H   26271.38111782  .00000089  00000+0  18494-3 0  9999
2 54649  87.9299 223.4383 0002463  79.4544 280.6867 13.21824402185151
ONEWEB-0583             
1 54650U 22166J   26271.39290806  .00000061  00000+0  11530-3 0  9991
2 54650  87.9294 223.4565 0002115  78.7528 281.3844 13.21825848185167
ONEWEB-0584             
1 54651U 22166K   26271.41309490  .00000015  00000+0  60035-5 0  9990
2 54651  87.9292 223.4356 0002086  79.3521 280.7848 13.21824803185157
ONEWEB-0585             
1 54652U 22166L   26271.43662985  .00000124  00000+0  26986-3 0  9990
2 54652  87.9297 223.4242 0001884  75.9734 284.1609 13.21824132185169
ONEWEB-0586             
1 54653U 22166M   26271.37441189  .00000080  00000+0  16115-3 0  9999
2 54653  87.9295 223.4588 0002318  78.5387 281.6008 13.21825091185156
ONEWEB-0587             
1 54654U 22166N   26271.38449294  .00000067  00000+0  13098-3 0  9998
2 54654  87.9306 223.4404 0001684  74.8062 285.3258 13.21826972185316
ONEWEB-0589             
1 54655U 22166P   26271.37103113 -.00000003  00000+0 -39774-4 0  9997
2 54655  87.9288 223.4424 0002866  85.0384 275.1078 13.21827915185171
ONEWEB-0590             
1 54656U 22166Q   26271.39613394  .00000063  00000+0  12166-3 0  9996
2 54656  87.9301 223.4374 0001911  89.8802 270.2551 13.21825451185163
ONEWEB-0591             
1 54657U 22166R   26271.55941974  .00000033  00000+0  48698-4 0  9990
2 54657  87.9293 223.4106 0002038  79.7699 280.3665 13.21827748185215
ONEWEB-0592             
1 54658U 22166S   26271.56280669  .00000023  00000+0  23315-4 0  9997
2 54658  87.9300 223.3977 0002051  76.9588 283.1775 13.21826308185091
ONEWEB-0593             
1 54659U 22166T   26271.43327467  .00000149  00000+0  33011-3 0  9994
2 54659  87.9297 223.4294 0002158  75.9778 284.1596 13.21827064185180
ONEWEB-0594             
1 54660U 22166U   26271.37776112  .00000077  00000+0  15458-3 0  9999
2 54660  87.9290 223.4532 0001897  73.9477 286.1865 13.21824452185193
ONEWEB-0595             
1 54661U 22166V   26271.35420679  .00000137  00000+0  29951-3 0  9992
2 54661  87.9302 223.4471 0001797  78.4893 281.6443 13.21827382185165
ONEWEB-0596             
1 54662U 22166W   26271.40467221  .00000037  00000+0  57864-4 0  9997
2 54662  87.9292 223.4420 0001953  77.9257 282.2096 13.21824757185175
ONEWEB-0597             
1 54663U 22166X   26271.31047259  .00000030  00000+0  41320-4 0  9996
2 54663  87.9293 223.4621 0002104  78.1319 282.0050 13.21827790185168
ONEWEB-0600             
1 54664U 22166Y   26271.59475322  .00000074  00000+0  14770-3 0  9999
2 54664  87.9297 223.3981 0002150  73.2465 286.8905 13.21826631185175
ONEWEB-0601             
1 54665U 22166Z   26271.43496640  .00000110  00000+0  23446-3 0  9990
2 54665  87.9293 223.4441 0002302  78.7121 281.4272 13.21825925185344
ONEWEB-0602             
1 54666U 22166AA  26271.40046667  .00000043  00000+0  71950-4 0  9997
2 54666  87.9289 223.4562 0002109  71.4173 288.7190 13.21824578185180
ONEWEB-0603             
1 54667U 22166AB  26271.40636519  .00000102  00000+0  21441-3 0  9994
2 54667  87.9300 223.4228 0002084  75.9152 284.2214 13.21825462185116
ONEWEB-0604             
1 54668U 22166AC  26271.39456964  .00000064  00000+0  12284-3 0  9999
2 54668  87.9295 223.4388 0001949  75.8938 284.2413 13.21827938185073
ONEWEB-0605             
1 54669U 22166AD  26271.38785655  .00000064  00000+0  12231-3 0  9993
2 54669  87.9295 223.4476 0002383  89.8062 270.3345 13.21825457185140
ONEWEB-0606             
1 54670U 22166AE  26271.56111911 -.00000003  00000+0 -38810-4 0  9990
2 54670  87.9295 223.4249 0001885  73.8815 286.2526 13.21825159185220
ONEWEB-0607             
1 54671U 22166AF  26271.37606531  .00000041  00000+0  66951-4 0  9994
2 54671  87.9302 223.4393 0002086  78.3885 281.7483 13.21826755185170
ONEWEB-0608             
1 54672U 22166AG  26271.38280007  .00000089  00000+0  18437-3 0  9999
2 54672  87.9304 223.4383 0002477  84.6202 275.5214 13.21823845185180
ONEWEB-0610             
1 54673U 22166AH  26271.58970865  .00000086  00000+0  17578-3 0  9992
2 54673  87.9295 223.4007 0002646  77.7098 282.4332 13.21826867185115
ONEWEB-0611             
1 54674U 22166AJ  26271.58297540  .00000014  00000+0  34959-5 0  9990
2 54674  87.9298 223.4000 0001921  76.8647 283.2701 13.21823798185105
ONEWEB-0612             
1 54675U 22166AK  26271.36934424  .00000180  00000+0  40438-3 0  9997
2 54675  87.9296 223.4449 0002158  78.3863 281.7514 13.21827204185067
ONEWEB-0615             
1 54676U 22166AL  26271.34916950  .00000060  00000+0  11409-3 0  9993
2 54676  87.9291 223.4558 0001840  72.0051 288.1283 13.21824620185075
ONEWEB-0655             
1 54677U 22166AM  26271.40130946 -.00000100  00000+0 -27371-3 0  9996
2 54677  87.9294 223.4457 0002193  74.7512 285.3865 13.21827274185073
ONEWEB-0659             
1 54678U 22166AN  26271.56952591  .00000036  00000+0  54685-4 0  9997
2 54678  87.9291 223.4113 0001847  79.7988 280.3354 13.21828119185186
ONEWEB-0685             
1 54679U 22166AP  26271.57427094  .00000057  00000+0  10321-3 0  9995
2 54679  87.9292 223.3664 0002329  91.4587 268.6815 13.23188620185088
ONEWEB-0712             
1 54680U 22166AQ  26271.56788725  .00000043  00000+0  79798-4 0  9996
2 54680  87.9167 208.2554 0002221  63.5032 296.6327 13.16593988185669
ONEWEB-0714             
1 54681U 22166AR  26271.57457041  .00000099  00000+0  20816-3 0  9999
2 54681  87.9299 223.4026 0001996  69.3020 290.8328 13.21827535185197
ONEWEB-0532             
1 55140U 23004A   26271.53350086  .00000045  00000+0  81636-4 0  9998
2 55140  87.9191 345.3437 0001952 110.0623 250.0718 13.17648165181196
ONEWEB-0533             
1 55141U 23004B   26271.60630971  .00000268  00000+0  70966-3 0  9991
2 55141  87.8962 330.1378 0002129  99.8331 260.3038 13.12443472181621
ONEWEB-0541             
1 55142U 23004C   26271.25925856  .00000128  00000+0  32657-3 0  9992
2 55142  87.8973   0.5785 0001642 106.4375 253.6934 13.11416093179452
ONEWEB-0543             
1 55143U 23004D   26271.58354434  .00000033  00000+0  50419-4 0  9999
2 55143  87.9138 314.9174 0001834  88.2942 271.8401 13.18688181183329
ONEWEB-0544             
1 55144U 23004E   26271.57678708  .00000018  00000+0  12397-4 0  9998
2 55144  87.9140 314.9185 0001683  93.5698 266.5627 13.18688300183328
ONEWEB-0560             
1 55145U 23004F   26271.57006824  .00000012  00000+0 -19255-5 0  9999
2 55145  87.9138 314.9097 0001676  91.5732 268.5592 13.18686930183338
ONEWEB-0565             
1 55146U 23004G   26271.56331463  .00000044  00000+0  78416-4 0  9996
2 55146  87.9134 314.9299 0001631 105.5763 254.5549 13.18684507183324
ONEWEB-0567             
1 55147U 23004H   26271.55657553  .00000031  00000+0  46033-4 0  9993
2 55147  87.9137 314.9241 0001601 101.2292 258.9020 13.18686861183329
ONEWEB-0569             
1 55148U 23004J   26271.53348024  .00000353  00000+0  93049-3 0  9997
2 55148  87.8904 299.6591 0001072  77.9862 282.1387 13.13470012183747
ONEWEB-0570             
1 55149U 23004K   26271.54814019  .00000035  00000+0  56365-4 0  9999
2 55149  87.9140 314.9230 0002153 108.0918 252.0449 13.18687179183318
ONEWEB-0571             
1 55150U 23004L   26271.54140280  .00000058  00000+0  11312-3 0  9990
2 55150  87.9139 314.9239 0000791 123.4053 236.7155 13.18686977183323
ONEWEB-0572             
1 55151U 23004M   26271.56471565 -.00000018  00000+0 -80173-4 0  9996
2 55151  87.9193 345.3400 0001797 103.7875 256.3457 13.17647713181091
ONEWEB-0573             
1 55152U 23004N   26271.53464807  .00000053  00000+0  10164-3 0  9994
2 55152  87.9139 314.9276 0001221 115.5921 244.5338 13.18687636183313
ONEWEB-0588             
1 55153U 23004P   26271.60379269 -.00000010  00000+0 -57348-4 0  9991
2 55153  87.9136 314.9118 0001953 111.2260 248.9081 13.18686719183322
ONEWEB-0598             
1 55154U 23004Q   26271.54240024  .00000511  00000+0  14047-2 0  9992
2 55154  87.8969   0.5277 0001109 105.8301 254.2950 13.11418679179442
ONEWEB-0599             
1 55155U 23004R   26271.60183602 -.00000011  00000+0 -61050-4 0  9993
2 55155  87.9194 345.3311 0001790  93.7968 266.3369 13.17647167181109
ONEWEB-0614             
1 55156U 23004S   26271.53731224  .00000427  00000+0  11679-2 0  9994
2 55156  87.8962   0.5331 0002137 109.3187 250.8173 13.11418241179388
ONEWEB-0616             
1 55157U 23004T   26271.56809038  .00000077  00000+0  16542-3 0  9993
2 55157  87.9192 345.3427 0001928  72.6208 287.5134 13.17647877181319
ONEWEB-0617             
1 55158U 23004U   26271.29654516 -.00006400  00000+0 -18097-1 0  9996
2 55158  87.8969   0.5792 0002104 105.0300 255.1061 13.11450359179371
ONEWEB-0618             
1 55159U 23004V   26271.59247491  .00002184  00000+0  11851-3 0  9996
2 55159  86.9067 135.6352 0009470 271.1706  88.8449 15.13968502197909
ONEWEB-0619             
1 55160U 23004W   26271.60014894  .00000024  00000+0  28798-4 0  9999
2 55160  87.9201 345.3255 0002261  96.9294 263.2095 13.17647580181215
ONEWEB-0620             
1 55161U 23004X   26271.59663443 -.00000296  00000+0 -87109-3 0  9991
2 55161  87.8965   0.5212 0001584 107.9018 252.2283 13.11419298179388
ONEWEB-0621             
1 55162U 23004Y   26271.54748064  .00000589  00000+0  16255-2 0  9996
2 55162  87.8973   0.5289 0002045 104.4350 255.7005 13.11417234179351
ONEWEB-0622             
1 55163U 23004Z   26271.55256583  .00000558  00000+0  15382-2 0  9994
2 55163  87.8969   0.5286 0002188 122.9873 237.1466 13.11417153179341
ONEWEB-0623             
1 55164U 23004AA  26271.59509335  .00000035  00000+0  56221-4 0  9994
2 55164  87.9192 345.3453 0002571 112.0680 248.0724 13.17649927181207
ONEWEB-0624             
1 55165U 23004AB  26271.45799417  .00000358  00000+0  95391-3 0  9990
2 55165  87.8964 330.0653 0001934 103.6660 256.4684 13.12932499181621
ONEWEB-0625             
1 55166U 23004AC  26271.58497125  .00000048  00000+0  91562-4 0  9999
2 55166  87.9191 345.3458 0001917  95.7812 264.3538 13.17648309181195
ONEWEB-0626             
1 55167U 23004AD  26271.57485390  .00000025  00000+0  31160-4 0  9993
2 55167  87.9192 345.3466 0001528 101.1669 258.9634 13.17649269181198
ONEWEB-0627             
1 55168U 23004AE  26271.56303545  .00000078  00000+0  16799-3 0  9992
2 55168  87.9193 345.3499 0002323 106.4407 253.6980 13.17650546181194
ONEWEB-0628             
1 55169U 23004AF  26271.55392641  .00000188  00000+0  48765-3 0  9997
2 55169  87.8968 330.1344 0002488 102.8774 257.2632 13.12441673181596
ONEWEB-0629             
1 55170U 23004AG  26271.59124527 -.00003720  00000+0 -93983-2 0  9997
2 55170  87.9194 345.3286 0001659  51.8278 308.3003 13.19220270181207
ONEWEB-0631             
1 55171U 23004AH  26271.59704040 -.00000034  00000+0 -11984-3 0  9999
2 55171  87.9150 314.8895 0001688 110.7663 249.3650 13.18685122183307
ONEWEB-0709             
1 55172U 23004AJ  26271.58646854 -.00000509  00000+0 -14711-2 0  9994
2 55172  87.8963   0.5256 0000921 110.7857 249.3370 13.11416751179423
ONEWEB-0710             
1 55173U 23004AK  26271.55290660  .00000030  00000+0  44154-4 0  9995
2 55173  87.9193 345.3424 0001972 104.9839 255.1511 13.17650562181194
ONEWEB-0711             
1 55174U 23004AL  26271.55765316  .00000412  00000+0  11260-2 0  9995
2 55174  87.8970   0.5230 0002346 115.5553 244.5818 13.11415699179383
ONEWEB-0713             
1 55175U 23004AM  26271.57628925 -.00000306  00000+0 -90013-3 0  9990
2 55175  87.8972   0.5223 0002091 109.9580 250.1773 13.11415748179379
ONEWEB-0715             
1 55176U 23004AN  26271.57120990 -.00000132  00000+0 -40894-3 0  9999
2 55176  87.8970   0.5226 0001286 119.0969 241.0288 13.11415165179417
ONEWEB-0716             
1 55177U 23004AP  26271.54615811  .00000066  00000+0  13711-3 0  9990
2 55177  87.9194 345.3468 0001871  92.7534 267.3812 13.17650506181198
ONEWEB-0717             
1 55178U 23004AQ  26271.52927406  .00000034  00000+0  53610-4 0  9993
2 55178  87.9197 345.3456 0002159 115.2849 244.8506 13.17647605181241
ONEWEB-0719             
1 55179U 23004AR  26271.53940678  .00000108  00000+0  24414-3 0  9992
2 55179  87.9203 345.3255 0002015  95.3917 264.7444 13.17648009181197
ONEWEB-0530             
1 55796U 23029A   26271.49793413  .00000021  00000+0  20834-4 0  9999
2 55796  87.9138 253.8467 0002308  93.2129 266.9269 13.20769808174785
ONEWEB-0534             
1 55797U 23029B   26271.48615427  .00000023  00000+0  23594-4 0  9995
2 55797  87.9139 253.8514 0001924  82.7545 277.3807 13.20773883174780
ONEWEB-0556             
1 55798U 23029C   26271.49290204 -.00000029  00000+0 -10328-3 0  9997
2 55798  87.9139 253.8480 0002757  75.5458 284.5981 13.20772404174782
ONEWEB-0562             
1 55799U 23029D   26271.47943358  .00000066  00000+0  12992-3 0  9999
2 55799  87.9148 253.8388 0002778  88.5943 271.5509 13.20773127174781
ONEWEB-0563             
1 55800U 23029E   26271.39861809  .00000005  00000+0 -19615-4 0  9997
2 55800  87.9135 253.8788 0001879  79.0413 281.0932 13.20771009174763
ONEWEB-0564             
1 55801U 23029F   26271.46765065  .00000046  00000+0  80093-4 0  9995
2 55801  87.9148 253.8433 0002345  89.0826 271.0576 13.20772286174786
ONEWEB-0638             
1 55802U 23029G   26271.53230135  .00000173  00000+0  43210-3 0  9999
2 55802  87.8884 269.1257 0002431  84.7140 275.4267 13.14502043172973
ONEWEB-0639             
1 55803U 23029H   26271.59765534  .00000040  00000+0  68444-4 0  9992
2 55803  87.9093 284.3649 0001568  52.7047 307.4229 13.19726496172544
ONEWEB-0640             
1 55804U 23029J   26271.54075834  .00000103  00000+0  24385-3 0  9990
2 55804  87.8887 269.1137 0002433  79.5287 280.6117 13.14502240172994
ONEWEB-0641             
1 55805U 23029K   26271.59291458  .00000017  00000+0  10295-4 0  9998
2 55805  87.9099 284.3615 0001896  86.4850 273.6500 13.19723605172551
ONEWEB-0642             
1 55806U 23029L   26271.51236407  .00000047  00000+0  85116-4 0  9991
2 55806  87.9094 284.3835 0001248  71.4745 288.6524 13.19726093172533
ONEWEB-0643             
1 55807U 23029M   26271.51200937  .00000120  00000+0  28874-3 0  9990
2 55807  87.8889 269.1083 0001270  79.2691 280.8582 13.14502869172965
ONEWEB-0644             
1 55808U 23029N   26271.50762264 -.00000026  00000+0 -96779-4 0  9993
2 55808  87.9095 284.3844 0001594  85.5568 274.5747 13.19727807172534
ONEWEB-0645             
1 55809U 23029P   26271.52974460  .00000013  00000+0 -18346-6 0  9990
2 55809  87.9095 284.3778 0001888  77.1364 282.9980 13.19726172172534
ONEWEB-0646             
1 55810U 23029Q   26271.54708996 -.00000272  00000+0 -71189-3 0  9992
2 55810  87.9096 284.3744 0001553  87.5144 272.6167 13.19727177172528
ONEWEB-0648             
1 55811U 23029R   26271.55596129 -.00000117  00000+0 -34946-3 0  9995
2 55811  87.8895 269.0832 0001788  60.3114 299.8193 13.14503580172973
ONEWEB-0649             
1 55812U 23029S   26271.57238734 -.00000025  00000+0 -95674-4 0  9997
2 55812  87.9095 284.3677 0001809  84.0133 276.1206 13.19726681172564
ONEWEB-0650             
1 55813U 23029T   26271.56762893 -.00000005  00000+0 -45648-4 0  9999
2 55813  87.9092 284.3705 0001424  76.9365 283.1927 13.19723533172532
ONEWEB-0652             
1 55814U 23029U   26271.53737545  .00000133  00000+0  32364-3 0  9993
2 55814  87.8896 269.0924 0001987  90.5497 269.5860 13.14502337172940
ONEWEB-0653             
1 55815U 23029V   26271.52213365  .00000242  00000+0  61829-3 0  9991
2 55815  87.8892 269.0943 0001959  87.1833 272.9521 13.14506539172976
ONEWEB-0654             
1 55816U 23029W   26271.51707338  .00000221  00000+0  56040-3 0  9995
2 55816  87.8890 269.0916 0002229  93.0122 267.1263 13.14504699172999
ONEWEB-0656             
1 55817U 23029X   26271.46090843 -.00000023  00000+0 -88021-4 0  9993
2 55817  87.9153 253.8280 0002340  94.4213 265.7188 13.20770219174787
ONEWEB-0657             
1 55818U 23029Y   26271.56291503  .00000025  00000+0  30722-4 0  9996
2 55818  87.9095 284.3707 0002139 111.7624 248.3736 13.19726267172541
ONEWEB-0658             
1 55819U 23029Z   26271.55817465 -.00000042  00000+0 -13706-3 0  9990
2 55819  87.9102 284.3563 0001533  84.6905 275.4402 13.19725574172550
ONEWEB-0660             
1 55820U 23029AA  26271.49507394 -.00000176  00000+0 -50830-3 0  9999
2 55820  87.8898 269.0957 0001969  82.8889 277.2465 13.14504955172972
ONEWEB-0661             
1 55821U 23029AB  26271.52892572  .00000216  00000+0  54829-3 0  9994
2 55821  87.8887 269.1179 0002101  83.5832 276.5537 13.14502411172969
ONEWEB-0662             
1 55822U 23029AC  26270.26991131 -.00000128  00000+0 -37841-3 0  9995
2 55822  87.8887 269.3758 0002335  80.5807 279.5586 13.14566004172845
ONEWEB-0663             
1 55823U 23029AD  26271.48672018 -.00000031  00000+0 -10801-3 0  9991
2 55823  87.9151 253.8909 0001860  72.9762 287.1576 13.20875275174783
ONEWEB-0664             
1 55824U 23029AE  26271.52319964 -.00000236  00000+0 -61267-3 0  9994
2 55824  87.9143 253.8549 0002310  78.9757 281.1636 13.20774263174782
ONEWEB-0665             
1 55825U 23029AF  26271.52639023  .00000268  00000+0  68752-3 0  9995
2 55825  87.8896 269.1029 0001877  80.4285 279.7057 13.14502800172980
ONEWEB-0666             
1 55826U 23029AG  26271.51645809  .00000098  00000+0  20892-3 0  9998
2 55826  87.9140 253.8464 0001876 106.4716 253.6624 13.20773323174793
ONEWEB-0667             
1 55827U 23029AH  26271.51140031  .00000067  00000+0  13223-3 0  9992
2 55827  87.9153 253.8200 0002002  80.4550 279.6809 13.20769719174781
ONEWEB-0669             
1 55828U 23029AJ  26271.50635383  .00000083  00000+0  17257-3 0  9990
2 55828  87.9148 253.8270 0002472  91.1588 268.9828 13.20773844174780
ONEWEB-0670             
1 55829U 23029AK  26271.50523298  .00000052  00000+0  10707-3 0  9991
2 55829  87.8884 269.1203 0002227  83.4373 276.7010 13.14504534173002
ONEWEB-0671             
1 55830U 23029AL  26271.55344435  .00002541  00000+0  63138-2 0  9992
2 55830  87.9094 284.3736 0001823  85.1568 274.9773 13.19710521172537
ONEWEB-0672             
1 55831U 23029AM  26271.50132742  .00000037  00000+0  59940-4 0  9990
2 55831  87.9151 253.8221 0002031  92.5528 267.5838 13.20771370174782
ONEWEB-0673             
1 55832U 23029AN  26271.53052362  .00000033  00000+0  50197-4 0  9994
2 55832  87.9098 284.3751 0001975  87.8625 272.2734 13.19726058172531
ONEWEB-0674             
1 55833U 23029AP  26271.54752594 -.00000037  00000+0 -13471-3 0  9999
2 55833  87.8896 269.0933 0002279  83.7376 276.4014 13.14501958172997
ONEWEB-0675             
1 55834U 23029AQ  26271.54550635  .00003192  00000+0  79339-2 0  9999
2 55834  87.9093 284.3768 0001836  98.5207 261.6134 13.19751898172555
ONEWEB-0720             
1 55835U 23029AR  26271.53764278  .00000109  00000+0  24044-3 0  9998
2 55835  87.9091 284.3781 0001723  82.2463 277.8866 13.19726085172470
ONEWEB-0537             
1 56046U 23043A   26271.32247361  .00000038  00000+0  66446-4 0  9999
2 56046  87.9167 208.3002 0001896  80.1059 280.0286 13.16594570172538
ONEWEB-0538             
1 56047U 23043B   26271.54412990  .00000002  00000+0 -27061-4 0  9998
2 56047  87.9167 208.2590 0001691  74.8107 285.3211 13.16594866172575
ONEWEB-0546             
1 56048U 23043C   26271.53144950  .00000059  00000+0  12028-3 0  9993
2 56048  87.9169 208.2610 0001998  95.8155 264.3204 13.16596752172561
ONEWEB-0547             
1 56049U 23043D   26271.57371572  .00000081  00000+0  16565-3 0  9995
2 56049  87.9298 223.4013 0001888  73.1170 287.0171 13.21827781171889
ONEWEB-0548             
1 56050U 23043E   26271.55599676  .00000038  00000+0  66713-4 0  9995
2 56050  87.9168 208.2513 0002335  75.0021 285.1368 13.16594249172564
ONEWEB-0549             
1 56051U 23043F   26271.41644348  .00000103  00000+0  21787-3 0  9992
2 56051  87.9296 223.4340 0001648  76.1551 283.9766 13.21824790171863
ONEWEB-0550             
1 56052U 23043G   26271.40300348  .00000023  00000+0  23123-4 0  9999
2 56052  87.9295 223.4369 0002183  73.9371 286.2003 13.21827218171862
ONEWEB-0551             
1 56053U 23043H   26271.44109762  .00000188  00000+0  46645-3 0  9996
2 56053  87.8997 238.6365 0001659  75.9105 284.2209 13.15548212169971
ONEWEB-0552             
1 56054U 23043J   26271.39795334 -.00000019  00000+0 -76497-4 0  9991
2 56054  87.9292 223.4397 0002045  70.7997 289.3358 13.21827049171867
ONEWEB-0553             
1 56055U 23043K   26271.53778322  .00000040  00000+0  71705-4 0  9995
2 56055  87.9168 208.2602 0002051  88.0681 272.0685 13.16596788172577
ONEWEB-0554             
1 56056U 23043L   26271.37312534  .00000117  00000+0  27142-3 0  9997
2 56056  87.9162 208.3001 0002467  73.7710 286.3692 13.16593362172538
ONEWEB-0555             
1 56057U 23043M   26271.33514099  .00000061  00000+0  12586-3 0  9998
2 56057  87.9164 208.2979 0002062  90.4361 269.7006 13.16594479172537
ONEWEB-0557             
1 56058U 23043N   26271.34936971 -.00000311  00000+0 -84668-3 0  9997
2 56058  87.9159 208.3048 0002574  87.0602 273.0823 13.16582974172530
ONEWEB-0558             
1 56059U 23043P   26271.39123017  .00000023  00000+0  24346-4 0  9998
2 56059  87.9294 223.4382 0001685  81.0723 279.0602 13.21826052171871
ONEWEB-0559             
1 56060U 23043Q   26271.37944833  .00000049  00000+0  86705-4 0  9990
2 56060  87.9297 223.4385 0001862  73.1901 286.9437 13.21824824171885
ONEWEB-0566             
1 56061U 23043R   26271.37271067  .00000117  00000+0  25265-3 0  9992
2 56061  87.9299 223.4384 0001784  70.2017 289.9309 13.21827209171865
ONEWEB-0568             
1 56062U 23043S   26271.59477885  .00000093  00000+0  20866-3 0  9998
2 56062  87.9169 208.2452 0001933  83.3498 276.7853 13.16595917172583
ONEWEB-0574             
1 56063U 23043T   26271.36598779  .00000111  00000+0  23755-3 0  9991
2 56063  87.9299 223.4446 0002202  78.8957 281.2424 13.21826840171907
ONEWEB-0575             
1 56064U 23043U   26271.58845886  .00000105  00000+0  24103-3 0  9991
2 56064  87.9166 208.2427 0002230  78.6642 281.4739 13.16592804172570
ONEWEB-0576             
1 56065U 23043V   26271.56945026  .00000100  00000+0  22693-3 0  9994
2 56065  87.9168 208.2566 0002131  78.4520 281.6850 13.16595458172563
ONEWEB-0577             
1 56066U 23043W   26271.57580109  .00000111  00000+0  25701-3 0  9998
2 56066  87.9169 208.2531 0002722  78.0338 282.1098 13.16594726172596
ONEWEB-0578             
1 56067U 23043X   26271.57962619  .00000112  00000+0  23923-3 0  9994
2 56067  87.9298 223.3979 0002062  86.4921 273.6449 13.21826539171895
ONEWEB-0579             
1 56068U 23043Y   26271.34413234  .00000086  00000+0  17618-3 0  9998
2 56068  87.9302 223.4467 0002011  70.3292 289.8059 13.21827429171875
ONEWEB-0581             
1 56069U 23043Z   26271.58212879  .00000019  00000+0  16426-4 0  9990
2 56069  87.9163 208.2568 0002522  75.4207 284.7204 13.16595627172562
ONEWEB-0609             
1 56070U 23043AA  26271.46722816 -.00000013  00000+0 -69656-4 0  9995
2 56070  87.8997 238.6147 0001927  82.3032 277.8317 13.15548814170010
ONEWEB-0613             
1 56071U 23043AB  26271.46486215 -.00000012  00000+0 -66116-4 0  9993
2 56071  87.8997 238.6282 0001804  74.0083 286.1246 13.15548130170014
ONEWEB-0630             
1 56072U 23043AC  26271.46010422  .00000018  00000+0  12981-4 0  9992
2 56072  87.9009 238.6080 0001911  74.3767 285.7574 13.15549474170007
ONEWEB-0632             
1 56073U 23043AD  26271.45536014  .00000093  00000+0  21286-3 0  9992
2 56073  87.9000 238.6213 0002156  78.6292 281.5080 13.15549247170003
ONEWEB-0633             
1 56074U 23043AE  26271.44900491  .00000134  00000+0  32239-3 0  9992
2 56074  87.9008 238.6063 0001694  71.1062 289.0252 13.15549478169989
ONEWEB-0634             
1 56075U 23043AF  26271.43475797  .00000194  00000+0  48055-3 0  9997
2 56075  87.8997 238.6416 0001839  89.8716 270.2625 13.15548241169973
ONEWEB-0635             
1 56076U 23043AG  26271.43000121  .00000153  00000+0  37191-3 0  9997
2 56076  87.9006 238.6136 0002260  81.0740 279.0647 13.15547640170004
ONEWEB-0636             
1 56077U 23043AH  26271.42207756  .00000067  00000+0  14401-3 0  9993
2 56077  87.9002 238.6188 0002185  82.2814 277.8565 13.15548091169980
ONEWEB-0637             
1 56078U 23043AJ  26271.41574858 -.00000038  00000+0 -13460-3 0  9997
2 56078  87.8994 238.6298 0002117  88.2583 271.8790 13.15548631170005
ONEWEB-0647             
1 56079U 23043AK  26271.41099469 -.00000092  00000+0 -27847-3 0  9992
2 56079  87.8997 238.6434 0002144  79.4333 280.7039 13.15548357169992
ONEWEB-0651             
1 56080U 23043AL  26271.55834356 -.00000114  00000+0 -33634-3 0  9997
2 56080  87.8997 238.6063 0002193  86.8793 273.2588 13.15549018171217
ONEWEB-0718             
1 56081U 23043AM  26271.40146540 -.00000087  00000+0 -26417-3 0  9993
2 56081  87.9005 238.6242 0001604  90.9374 269.1940 13.15549947170008
ONEWEB-0561             
1 56710U 23068A   26271.45417704  .00000086  00000+0  17851-3 0  9996
2 56710  87.9151 253.8401 0002243  79.7361 280.4025 13.20771020163137
ONEWEB-0668             
1 56711U 23068B   26271.32880661  .00000063  00000+0  13030-3 0  9999
2 56711  87.9165 208.2999 0001855  90.9010 269.2333 13.16595291165355
ONEWEB-0676             
1 56712U 23068C   26271.56470774  .00000092  00000+0  20592-3 0  9999
2 56712  87.9162 208.2609 0002298  75.9020 284.2366 13.16595248165307
ONEWEB-0677             
1 56713U 23068D   26271.51814807  .00000069  00000+0  13826-3 0  9990
2 56713  87.9150 253.8187 0002286  91.6626 268.4769 13.20772667163447
ONEWEB-0678             
1 56714U 23068E   26271.44584595  .00000187  00000+0  46266-3 0  9996
2 56714  87.9008 238.6116 0001984  73.3731 286.7617 13.15548218162868
ONEWEB-0679             
1 56715U 23068F   26271.37155280  .00000107  00000+0  24743-3 0  9992
2 56715  87.9167 208.2893 0002232  88.0985 272.0402 13.16595087165300
ONEWEB-0680             
1 56716U 23068G   26271.42150429  .00000012  00000+0 -35994-5 0  9997
2 56716  87.9304 223.4327 0002076  93.7972 266.3399 13.21826600164731
ONEWEB-0681             
1 56717U 23068H   26271.42333365  .00000083  00000+0  17173-3 0  9994
2 56717  87.9300 223.4406 0002939  76.1691 283.9770 13.21301857164726
ONEWEB-0682             
1 56718U 23068J   26271.46961093 -.00000029  00000+0 -11058-3 0  9992
2 56718  87.9006 238.6053 0002040  95.6211 264.5152 13.15548859163033
ONEWEB-0683             
1 56719U 23068K   26271.41731903  .00000001  00000+0 -30686-4 0  9991
2 56719  87.9007 238.6187 0001884  88.1637 271.9709 13.15548753162994
ONEWEB-0684             
1 56720U 23068L   26271.42524597  .00000128  00000+0  30527-3 0  9995
2 56720  87.9003 238.6044 0001526  38.6256 321.4983 13.15549602162825
ONEWEB-0686             
1 56721U 23068M   26271.55996162  .00000017  00000+0  11301-4 0  9998
2 56721  87.9157 208.2659 0001623  76.7018 283.4294 13.16594449165317
ONEWEB-0694             
1 56722U 23068N   26271.56629102  .00000029  00000+0  42494-4 0  9997
2 56722  87.9165 208.2450 0001910  88.9992 271.1358 13.16595008165374
ONEWEB-0696             
1 56723U 23068P   26271.45851048  .00000072  00000+0  15786-3 0  9993
2 56723  87.9000 238.6284 0002115  66.5187 293.6166 13.15550142162946
ONEWEB-0703             
1 56724U 23068Q   26271.39197066 -.00000038  00000+0 -13557-3 0  9998
2 56724  87.9006 238.6267 0002533  62.7882 297.3506 13.15548566162821
ONEWEB-0721             
1 56725U 23068R   26271.41443882  .00000045  00000+0  73400-4 0  9992
2 56725  86.6759  52.5338 0001658  96.5290 263.6032 13.22476168171589
ONEWEB-0015             
1 61594U 24188A   26271.53900356  .00000444  00000+0  12155-2 0  9994
2 61594  87.8963   0.5485 0002354 104.7505 255.3884 13.11419507 98000
ONEWEB-0687             
1 61595U 24188B   26271.57990183  .00000032  00000+0  50398-4 0  9992
2 61595  87.9189 345.3441 0002090 111.7706 248.3648 13.17647792 99514
ONEWEB-0688             
1 61596U 24188C   26271.53266223  .00000080  00000+0  17317-3 0  9996
2 61596  87.9190 345.3537 0003169 103.4974 256.6510 13.17647871 99503
ONEWEB-0689             
1 61597U 24188D   26271.57289857 -.00000221  00000+0 -65869-3 0  9993
2 61597  87.8973   0.5116 0001749 112.2904 247.8410 13.11416363 98007
ONEWEB-0690             
1 61598U 24188E   26271.50678308 -.00000478  00000+0 -13853-2 0  9999
2 61598  87.8972   0.5345 0001912  82.8811 277.2534 13.11416477 98170
ONEWEB-0691             
1 61599U 24188F   26271.27281237 -.00000390  00000+0 -11364-2 0  9993
2 61599  87.8983   0.4995 0002173 106.7281 253.4086 13.11415795 97999
ONEWEB-0692             
1 61600U 24188G   26271.59834334 -.00000269  00000+0 -79339-3 0  9995
2 61600  87.8965   0.5290 0001085 114.0279 246.0962 13.11418611 98027
ONEWEB-0693             
1 61601U 24188H   26271.46852891  .00000008  00000+0 -11547-4 0  9998
2 61601  87.9183 345.3804 0002223  80.0963 280.0420 13.17651499 99486
ONEWEB-0695             
1 61602U 24188J   26271.26940587 -.00000340  00000+0 -99559-3 0  9995
2 61602  87.8963   0.5859 0001464 116.6427 243.4851 13.11416587 97973
ONEWEB-0697             
1 61603U 24188K   26271.30162386  .00000192  00000+0  50634-3 0  9998
2 61603  87.8972   0.5729 0001064 107.5072 252.6173 13.11420122 97969
ONEWEB-0698             
1 61604U 24188L   26271.58477063 -.00000447  00000+0 -12971-2 0  9996
2 61604  87.8964   0.5285 0001171  63.2032 296.9216 13.11417263 98020
ONEWEB-0699             
1 61605U 24188M   26271.60331095  .00000296  00000+0  81162-3 0  9993
2 61605  87.8914  15.6850 0001084 102.8671 257.2578 13.10370232 96856
ONEWEB-0700             
1 61606U 24188N   26271.60500596  .00000207  00000+0  55813-3 0  9994
2 61606  87.8927  15.6092 0001179 102.7776 257.3483 13.10370262 96847
ONEWEB-0701             
1 61607U 24188P   26271.54559081 -.00000506  00000+0 -14848-2 0  9997
2 61607  87.8918  15.6990 0001004 101.4738 258.6502 13.10370248 96846
ONEWEB-0702             
1 61608U 24188Q   26271.47797369  .00000475  00000+0  13042-2 0  9991
2 61608  87.8984   0.4738 0001000 139.1553 220.9650 13.11415502 98023
ONEWEB-0704             
1 61609U 24188R   26271.30465794 -.00000038  00000+0 -14518-3 0  9995
2 61609  87.8912  15.7380 0001007 134.4266 225.6944 13.10370915 96790
ONEWEB-0705             
1 61610U 24188S   26271.30974782 -.00000352  00000+0 -10440-2 0  9997
2 61610  87.8915  15.7430 0001793 135.0397 225.0876 13.10369752 88960
ONEWEB-0706             
1 61611U 24188T   26271.59992405  .00000489  00000+0  13658-2 0  9994
2 61611  87.8917  15.6870 0001418 119.5953 240.5316 13.10370280 96923
ONEWEB-0707             
1 61612U 24188U   26271.60670295  .00000156  00000+0  40994-3 0  9992
2 61612  87.8916  15.6826 0001352 116.3988 243.7279 13.10369136 96868
ONEWEB-0708             
1 61613U 24188V   26271.31993058 -.00000627  00000+0 -18325-2 0  9993
2 61613  87.8908  15.7495 0002051 116.6725 243.4613 13.10372797 96802
